Publish Date,deliver Date,return ,Book Name,Author Name,Raitng,Price
" Paperback – March 7, 2017 ",delivery date not founded," Returnable until Jan 31, 2023 ", The Last Days of Magic: A Novel ,Author Not found,317,17
" Hardcover – September 20, 2022 ",delivery date not founded," Returnable until Jan 31, 2023 ", NOT A MOMENT TO LOSE: A MODERN SEA STORY FOR THE AGES A NOVEL ,Author Not found,1,24.99
" Paperback – December 7, 2021 ",delivery date not founded," Returnable until Jan 31, 2023 ", The Ambulance Chaser ,Brian Cuban,435,12.29
" Paperback – February 16, 2016 ",delivery date not founded," Returnable until Jan 31, 2023 ", Suffer Asylum - A Horror Story by Jack Carl Stanley ,Author Not found,39,7.39
" Paperback – September 30, 2019 ",delivery date not founded," Returnable until Jan 31, 2023 ", The Beach House (South Carolina Sunsets) ,Rachel Hanna,"21,110",11.99
" Paperback – April 15, 2019 ",delivery date not founded," Returnable until Jan 31, 2023 ", The Trusted (The Trusted Thriller Series) ,Michelle Medhat,277,12.99
" Paperback – October 26, 2021 ",delivery date not founded," Returnable until Jan 31, 2023 ", Ski Weekend: A Novel ,Rektok Ross,498,13.99
" Paperback – March 20, 2014 ",delivery date not founded," Returnable until Jan 31, 2023 ", Foreign Deceit (David Wolf Mystery Thriller Series) ,Jeff Carson,"9,821",11.58
" Paperback – December 1, 2018 ",delivery date not founded," Returnable until Jan 31, 2023 ", Coming Attractions ,Mark R. Hunter,13,6.99
" Paperback – December 29, 2019 ",delivery date not founded," Returnable until Jan 31, 2023 ", Escape to Exile (Stonecroft Saga) ,B.N. Rundell,"1,530",10.99
" Paperback – Large Print, November 5, 2017 ",delivery date not founded," Returnable until Jan 31, 2023 ", Sweet Beginnings: A Candle Beach Novel ,Nicole Ellis,"5,732",18.99
" Paperback – August 16, 2018 ",delivery date not founded," Returnable until Jan 31, 2023 ", Trouble in Bayou Sabine: A Bayou Sabine Novel ,Lauren Faulkenberry,168,14.99
" Paperback – February 17, 2015 ",delivery date not founded," Returnable until Jan 31, 2023 ", The Deep End ,Julie Mulhern,"3,340",15.95
" Paperback – May 12, 2020 ",delivery date not founded," Returnable until Jan 31, 2023 ", The Inn At Seagrove (South Carolina Sunsets) ,Rachel Hanna,"8,557",11.99
" Paperback – October 29, 2020 ",delivery date not founded," Returnable until Jan 31, 2023 ", The Assassin's Betrayal: CIA Assassin ,Auston King,"2,515",17.99
" Paperback – January 30, 2020 ",delivery date not founded," Returnable until Jan 31, 2023 ", Fireflies & Family Ties (South Carolina Sunsets) ,Rachel Hanna,"9,411",11.99
" Paperback – November 1, 2020 ",delivery date not founded," Returnable until Jan 31, 2023 ", The Haunting of Brynn Wilder: A Novel ,Wendy Webb,"21,198",6.95
" Paperback – May 11, 2018 ",delivery date not founded," Returnable until Jan 31, 2023 ", The Five Wishes of Mr. Murray McBride ,Joe Siple,"8,209",13.75
" Paperback – February 1, 2020 ",delivery date not founded," Returnable until Jan 31, 2023 ", Shadows of the Past: A Shadow Slayers Story (Shadow Slayers Stories) ,Nellie H. Steele,117,10.58
" Paperback – August 17, 2021 ",delivery date not founded," Returnable until Jan 31, 2023 ", Two for Interference: (A Snow Pirates Novel) (The Minnesota Snow Pirates Series) ,Lasairiona McMaster,427,15.99
" Paperback – September 25, 2021 ",delivery date not founded," Returnable until Jan 31, 2023 ", A Million Tiny Lights: A Novel ,J M Doyle,28,9.87
" Paperback – August 11, 2020 ",delivery date not founded," Returnable until Jan 31, 2023 ", The Wedding At Seagrove (South Carolina Sunsets) ,Rachel Hanna,"7,664",11.99
" Paperback – November 12, 2018 ",delivery date not founded," Returnable until Jan 31, 2023 ", Don't Dare to Dream (Featuring Agent Bob) ,Dan Friedman,213,14.99
" Hardcover – December 1, 2018 ",delivery date not founded," Returnable until Jan 31, 2023 ", The Prophet (Deluxe Hardbound Edition) ,Kahlil Gibran,"10,616",17.99
" Paperback – November 19, 2019 ",delivery date not founded," Returnable until Jan 31, 2023 ", Sunsets & Second Chances (South Carolina Sunsets) ,Rachel Hanna,"11,089",11.99
" Paperback – December 2, 2020 ",delivery date not founded," Returnable until Jan 31, 2023 ", Thinking: A Novel ,Author Not found,8,14.9
" Paperback – November 30, 2021 ",delivery date not founded," Returnable until Jan 31, 2023 ", Moonflower Murders: A Novel ,Anthony Horowitz,"8,784",12.79
" Paperback – January 14, 2022 ",delivery date not founded," Returnable until Jan 31, 2023 ", Two for Roughing: (A Snow Pirates Novel) (The Minnesota Snow Pirates Series) ,Lasairiona McMaster,200,16.99
" Paperback – June 8, 2022 ",delivery date not founded," Returnable until Jan 31, 2023 ", Silverman: A Novel ,K. Wergland,27,16.99
" Paperback – July 15, 2014 ",delivery date not founded," Returnable until Jan 31, 2023 ", The Paris Architect: A WWII Novel ,Charles Belfoure,"5,164",14.99
" Paperback – November 23, 2016 ",delivery date not founded," Returnable until Jan 31, 2023 ", The Last Marine ,T S Ransdell,320,16.99
" Paperback – June 8, 2020 ",delivery date not founded," Returnable until Jan 31, 2023 ", Behind Enemy Lines (Titus Black Thriller series) ,R.J. Patterson,"1,356",12.99
" Paperback – March 13, 2020 ",delivery date not founded," Returnable until Jan 31, 2023 ", The Inn at Willa Bay: A Willa Bay Novel ,Nicole Ellis,"10,770",12.99
" Paperback – June 28, 2022 ",delivery date not founded," Returnable until Jan 31, 2023 ", The Nurse's Secret: A Thrilling Historical Novel of the Dark Side of Gilded Age New York City ,Amanda Skenandore,"3,327",9.99
" Paperback – July 20, 2022 ",delivery date not founded," Returnable until Jan 31, 2023 ", Two for Tripping: (A Snow Pirates Novel) (The Minnesota Snow Pirates Series) ,Lasairiona McMaster,131,15.99
" Mass Market Paperback – January 1, 2019 ",delivery date not founded," Returnable until Jan 31, 2023 ", Polity Agent: The Fourth Agent Cormac Novel (4) ,Author Not found,582,7.99
" Paperback – November 11, 2021 ",delivery date not founded," Returnable until Jan 31, 2023 ", Two for Holding: (A Snow Pirates Novel) (The Minnesota Snow Pirates Series) ,Lasairiona McMaster,268,15.99
" Paperback – September 27, 2022 ",delivery date not founded," Returnable until Jan 31, 2023 ", In the Coils of the Labyrinth: An Arkham Horror Novel ,David Annandale,10,16.95
" Paperback – August 31, 2021 ",delivery date not founded," Returnable until Jan 31, 2023 ", The Second Mrs. Astor: A Heartbreaking Historical Novel of the Titanic ,Shana Abe,"14,710",11.98
" Paperback – August 23, 2022 ",delivery date not founded," Returnable until Jan 31, 2023 ", Tuesday Jane: a novel ,Paul Mikaels,3,9.99
" Paperback – July 30, 2019 ",delivery date not founded," Returnable until Jan 31, 2023 ", The Undertaker's Assistant: A Captivating Post-Civil War Era Novel of Southern Historical Fiction ,Amanda Skenandore,"1,199",9.69
" Hardcover – November 1, 2022 ",delivery date not founded," Returnable until Jan 31, 2023 "," The Zero Night: A Jonathan Stride Novel (Jonathan Stride Series, Book 11) (Jonathan Stride, 11) ",Brian Freeman,0,26.99
" Paperback – August 15, 2019 ",delivery date not founded," Returnable until Jan 31, 2023 ", Her Deepest Fear (Rosemary Run) ,Kelly Utt,"1,833",14
" Paperback – September 6, 2016 ",delivery date not founded," Returnable until Jan 31, 2023 ", Trigger Mortis: A James Bond Novel ,Anthony Horowitz,"1,931",17.99
" Paperback – January 15, 2015 ",delivery date not founded," Returnable until Jan 31, 2023 ", Guarding Her Heart (Crystal Creek) ,Laura Haley-McNeil,204,11.99
" Paperback – January 28, 2021 ",delivery date not founded," Returnable until Jan 31, 2023 ", Proles: A novel about 2084 ,Joel E. Lorentzen,23,14.99
" Paperback – September 21, 2021 ",delivery date not founded," Returnable until Jan 31, 2023 ", Rivers ,David Gaffney,2,19.99
" Paperback – November 27, 2021 ",delivery date not founded," Returnable until Jan 31, 2023 ", The Consequence of Anna: A Novel ,Kate Birkin,385,17.09
" Paperback – October 18, 2022 ",delivery date not founded," Returnable until Jan 31, 2023 ", The Prisoner of Tartarus: A Marvel Legends of Asgard Novel ,Richard Lee Byers,0,16.95
" Paperback – October 12, 2020 ",delivery date not founded," Returnable until Jan 31, 2023 "," Keeping Tabs: A Women’s Fiction Novel of Doubt, Dogs, and Determination (Dilemmas and Discovery) ",Beverley Courtney,22,12.99
" Hardcover – August 30, 2022 ",delivery date not founded," Returnable until Jan 31, 2023 ", Daisy Darker: A Novel ,Alice Feeney,"2,624",23.99
" Paperback – April 27, 2021 ",delivery date not founded," Returnable until Jan 31, 2023 ", Churchill's Secret Messenger: A WW2 Novel of Spies & the French Resistance ,Alan Hlad,"3,067",11.01
" Hardcover – July 9, 2019 ",delivery date not founded," Returnable until Jan 31, 2023 ", Fled: A Novel ,Meg Keneally,388,24.99
" Hardcover – September 22, 2022 ",delivery date not founded," Returnable until Jan 31, 2023 ", Manifestations Of My Imagination: Creative Writing Journal Notebook ,Rachel Nordahl,0,21.98
" Paperback – June 11, 2018 ",delivery date not founded," Returnable until Jan 31, 2023 ", Table 41: A Novel ,Joseph Suglia,14,10.95
" Paperback – January 6, 2018 ",delivery date not founded," Returnable until Jan 31, 2023 ", The Complete Grimm's Fairy Tales ,Author Not found,"6,037",13.49
" Paperback – Illustrated, March 1, 2020 ",delivery date not founded," Returnable until Jan 31, 2023 ", Journey of a JuBu: How a neurotic Jew found his inner Bu ,Blaine Langberg,70,17.95
" Paperback – March 29, 2020 ",delivery date not founded," Returnable until Jan 31, 2023 ", Death and the Security Guard: A Christian Detective Novel ,Nick Moore,16,6.44
" Paperback – December 27, 2021 ",delivery date not founded," Returnable until Jan 31, 2023 ", Hack: The Inhumane: Anniversary Edition ,Hayley Faye,3,8.79
" Paperback – March 27, 2017 ",delivery date not founded," Returnable until Jan 31, 2023 ", That Deadly Space: A Civil War Novel ,Gerald Gillis,113,12.95
" Paperback – Picture Book, October 4, 2022 ",delivery date not founded," Returnable until Jan 31, 2023 ", The Storyteller's Death: A Novel ,Ann Dávila Cardinal,25,15.29
" Paperback – March 8, 2014 ",delivery date not founded," Returnable until Jan 31, 2023 ", The Enlightenment: Book Two in the Tori Cooper Novels ,Author Not found,1,14.99
" Paperback – August 30, 2022 ",delivery date not founded," Returnable until Jan 31, 2023 ", All I Want for Christmas ,Rebekah Pace,31,18.59
" Hardcover – March 5, 2018 ",delivery date not founded," Returnable until Jan 31, 2023 ", Collected Works Of Kahlil Gibran ,Author Not found,"2,277",18.81
" Paperback – January 23, 2021 ",delivery date not founded," Returnable until Jan 31, 2023 ", The Light Tower: A dramatic page-turning mystery about a daughter's search for the truth behind her mother's suicide and her own traumatic birth: two events that happen simultaneously. ,Laurie Lisa,99,21.98
" Paperback – August 4, 2020 ",delivery date not founded," Returnable until Jan 31, 2023 ", Crimson Deep: A Thriller (The John Decker Supernatural Thriller Series) ,Anthony M. Strong,"1,028",12.95
" Paperback – September 10, 2022 ",delivery date not founded," Returnable until Jan 31, 2023 ", Leaving The Ninth Island ,Nick Dioguardi,4,12
" Paperback – March 7, 2023 ",delivery date not founded," Returnable until Jan 31, 2023 ", The Tyrant Skies: A Marvel: Untold Novel ,David Annandale,0,16.95
" Hardcover – June 21, 2022 ",delivery date not founded," Returnable until Jan 31, 2023 ", The Lies I Tell ,Julie Clark,"3,826",15.37
" Hardcover – September 23, 2021 ",delivery date not founded," Returnable until Jan 31, 2023 ", La Chica Bajo la Bandera: La Historia de una Heroína Judía que Jamás se Rindió (Las heroínas de la Segunda Guerra Mundial) (Spanish Edition) ,Alex Amit,356,24.99
" Paperback – April 1, 2020 ",delivery date not founded," Returnable until Jan 31, 2023 ", Montana Cowboy Romance (Wyatt Brothers of Montana) ,Jane Porter,457,9.99
" Paperback – October 12, 2020 ",delivery date not founded," Returnable until Jan 31, 2023 "," Across The Street: A gripping novel about the limits of love between twin sisters, and the family conflicts that result when one agrees to be a surrogate for the other. An emotional roller coaster!! ",Laurie Lisa,201,26.99
" Paperback – May 7, 2013 ",delivery date not founded," Returnable until Jan 31, 2023 ", The Bean Trees: A Novel ,Barbara Kingsolver,"3,924",10.19
" Paperback – September 4, 2017 ",delivery date not founded," Returnable until Jan 31, 2023 ", Ryan Kaine: On the Rocks: Book Two in the Ryan Kaine Action thriller Series ,Kerry J Donovan,"1,666",12.99
" Paperback – June 14, 2022 ",delivery date not founded," Returnable until Jan 31, 2023 ", The Godmothers: A Novel ,Camille Aubray,980,16.39
" Paperback – December 31, 2019 ",delivery date not founded," Returnable until Jan 31, 2023 ", The Moonshiner's Daughter: A Southern Coming-of-Age Saga of Family and Loyalty ,Donna Everhart,"2,075",8.99
" Paperback – April 8, 2021 ",delivery date not founded," Returnable until Jan 31, 2023 ", The Last Days of Istanbul ,Vassilios Moutsoglou,0,12
" Paperback – January 2, 2022 ",delivery date not founded," Returnable until Jan 31, 2023 ", Fission: A Jessie McIntyre Novel (Jessie McIntyre Series) ,Joseph Castagno,2,13.57
" Paperback – November 8, 2021 ",delivery date not founded," Returnable until Jan 31, 2023 ", Prayers For An Angel: A Christmas Story ,Paul Manganaro,13,12.45
" Paperback – April 3, 2013 ",delivery date not founded," Returnable until Jan 31, 2023 ", Noble Beginnings: A Jack Noble Novel ,L.T. Ryan,"13,421",12.78
" Paperback – October 23, 2018 ",delivery date not founded," Returnable until Jan 31, 2023 ", The Hole: A Novel ,Hye-young Pyun,354,16.99
" Paperback – December 13, 2021 ",delivery date not founded," Returnable until Jan 31, 2023 ", The Sage's Tower: An Epic Fantasy LitRPG Novel (The Plainswalker Series) ,M.A. Rothman,452,17.99
" Paperback – May 11, 2017 ",delivery date not founded," Returnable until Jan 31, 2023 ", Ryan Kaine: On the Run ,Kerry J Donovan,"3,925",9.99
" Paperback – October 19, 2011 ",delivery date not founded," Returnable until Jan 31, 2023 ", a land of slaves: a novel ,Author Not found,2,4.3
" Paperback – February 12, 2018 ",delivery date not founded," Returnable until Jan 31, 2023 ", Caleb's Window: A Novel ,John J. Siefring,20,8.99
" Paperback – December 15, 2020 ",delivery date not founded," Returnable until Jan 31, 2023 ", The Mirrored Palace: A Historical Novel ,David Rich,15,19.6
" Paperback – July 19, 2022 ",delivery date not founded," Returnable until Jan 31, 2023 ", Reality Prism: A Raven Novel ,John D Trudel,9,16.99
" Paperback – October 25, 2022 ",delivery date not founded," Returnable until Jan 31, 2023 ", Supply of Heroes: A Novel ,James Carroll,4,17.99
" Paperback – June 15, 2021 ",delivery date not founded," Returnable until Jan 31, 2023 ", sparrows: a novel (expanded edition) ,Rose Betit,228,16.99
" Paperback – October 18, 2022 ",delivery date not founded," Returnable until Jan 31, 2023 ", Partners in Crime: A Novel ,Alisha Rai,27,15.99
" Paperback – November 4, 2021 ",delivery date not founded," Returnable until Jan 31, 2023 ", Creepville The Story of The Scary Clown ,Author Not found,2,11.05
" Paperback – May 3, 2022 ",delivery date not founded," Returnable until Jan 31, 2023 "," The Book Woman's Daughter (The Book Woman of Troublesome Creek, 2) ",Kim Michele Richardson,"7,638",10.56
" Paperback – January 12, 2022 ",delivery date not founded," Returnable until Jan 31, 2023 ", Donnie Baseball: A Novel ,Tom Gresham,25,12.99
" Paperback – October 28, 2021 ",delivery date not founded," Returnable until Jan 31, 2023 ", Grimoire Spell Journal: My Spell book ,Author Not found,0,4.02
" Paperback – April 23, 2021 ",delivery date not founded," Returnable until Jan 31, 2023 ", Ryan Kaine: On the Attack: Book Four in the Ryan Kaine Action Thriller Series ,Kerry J Donovan,822,12.99
" Paperback – November 17, 2017 ",delivery date not founded," Returnable until Jan 31, 2023 ", Sweet Beginnings: A Candle Beach Sweet Romance (Candle Beach series) ,Nicole Ellis,"5,732",12.99
" Paperback – September 15, 2022 ",delivery date not founded," Returnable until Jan 31, 2023 ", In Between Two: A Novel of Duality ,Matthew Lodge,4,22.64
" Paperback – May 26, 2021 ",delivery date not founded," Returnable until Jan 31, 2023 ", THE POPE'S BUTCHER: Based on the True Story of a Serial Killer in the Medieval Vatican ,Joseph C. Gioconda,141,12.99
" Paperback – January 20, 2022 ",delivery date not founded," Returnable until Jan 31, 2023 ", Last Resort: An Action-Packed Supernatural Thriller (The John Decker Supernatural Thriller Series) ,Anthony M. Strong,825,14.95
" Paperback – November 27, 2017 ",delivery date not founded," Returnable until Jan 31, 2023 ", Ryan Kaine: On the Defensive: Book 3 in the Ryan Kaine action thriller series ,Kerry J Donovan,831,11.99
" Hardcover – September 22, 2022 ",delivery date not founded," Returnable until Jan 31, 2023 ", Dear Diary Scripting Journal: Scripting the Life you Want Creative Writing Journal Notebook ,Rachel Nordahl,0,21.95
" Paperback – April 26, 2020 ",delivery date not founded," Returnable until Jan 31, 2023 ", Low Key Fallin' For A Savage: An African American Women's Fiction Book ,J. Dominique,665,14.26
" Paperback – September 18, 2020 ",delivery date not founded," Returnable until Jan 31, 2023 ", Cicada: a western-crime novel ,Eric H. Heisner,35,14.95
" Paperback – September 29, 2022 ",delivery date not founded," Returnable until Jan 31, 2023 ", Melton's Mettle: A Novel ,William S. Hubbartt,1,11.99
" Paperback – February 28, 2015 ",delivery date not founded," Returnable until Jan 31, 2023 ", Guardians of the Chosen: Book Three in the Tori Cooper Novels ,Vicki Stewart,1,14.99
" Paperback – June 12, 2021 ",delivery date not founded," Returnable until Jan 31, 2023 ", Nightmare ,Kyriaki Papadatos,10,12.95
" Paperback – June 4, 2013 ",delivery date not founded," Returnable until Jan 31, 2023 ", First Sight: A Tori Cooper Novel: First Sight: A Tori Cooper Novel (The Tori Cooper Novels) ,Vicki Stewart,7,14.99
" Paperback – April 3, 2020 ",delivery date not founded," Returnable until Jan 31, 2023 ", Life in the Chastity Zone (Chastity Series) ,Holly Brandon,43,12.99
" Paperback – March 21, 2017 ",delivery date not founded," Returnable until Jan 31, 2023 "," You've Got Aliens (Alienn, Arkansas) (Volume 1) ",Fiona Roarke,138,10.99
" Paperback – December 23, 2020 ",delivery date not founded," Returnable until Jan 31, 2023 ", Necromancer Arising: Book One of The Asterisian Chronicles ,Devon Salvin,37,8.58
" Hardcover – Large Print, March 7, 2023 ",delivery date not founded," Returnable until Jan 31, 2023 ", Supply of Heroes: A Novel (*LARGE PRINT) ,James Carroll,4,37.99
" Hardcover – September 27, 2022 ",delivery date not founded," Returnable until Jan 31, 2023 ", Squirrel Girl: Universe: A Marvel Heroines Novel [Library Edition] ,Tristan Palmgren,16,29.95
" Paperback – November 7, 2020 ",delivery date not founded," Returnable until Jan 31, 2023 ", White Christmas Homecoming: A Legend Is Reborn ,Author Not found,8,15.99
" Paperback – February 3, 2021 ",delivery date not founded," Returnable until Jan 31, 2023 ", A Secret Desire: A Steamy Regency Romance (London Secrets) ,Charlie Lane,149,12.99
" Paperback – March 7, 2023 ",delivery date not founded," Returnable until Jan 31, 2023 ", Shadows of Pnath: An Arkham Horror Novel ,Josh Reynolds,0,16.95
" Paperback – August 25, 2022 ",delivery date not founded," Returnable until Jan 31, 2023 ", Vortex: An Epic Sword & Sorcery Novel (The Frozen Flame) ,Paul J Bennett,69,13.99
" Paperback – December 24, 2015 ",delivery date not founded," Returnable until Jan 31, 2023 ", What Vengeance Comes (The John Decker Supernatural Thriller Series) ,Anthony M Strong,"2,221",11.51
" Hardcover – April 11, 2021 ",delivery date not founded," Returnable until Jan 31, 2023 ", Wuthering Heights: The Original 1847 First Edition ,Author Not found,140,24.97
" Paperback – May 10, 2022 ",delivery date not founded," Returnable until Jan 31, 2023 ", When We Return: A Novel ,Eliana Tobias,15,16.95
" Paperback – November 9, 2020 ",delivery date not founded," Returnable until Jan 31, 2023 ", Whitechapel Rising: A Supernatural Horror Thriller (The John Decker Supernatural Thriller Series) ,Anthony M. Strong,"1,191",12.95
" Paperback – May 16, 2020 ",delivery date not founded," Returnable until Jan 31, 2023 ", The Restaurant ,Pamela M. Kelley,"16,770",10.79
" Paperback – June 28, 2022 ",delivery date not founded," Returnable until Jan 31, 2023 ", The Wife Before: A Spellbinding Psychological Thriller with a Shocking Twist ,Shanora Williams,659,13.56
" Paperback – January 11, 2018 ",delivery date not founded," Returnable until Jan 31, 2023 ", Bocas: a novel ,Thomas M. Barron,129,11.99
" Paperback – October 14, 2019 ",delivery date not founded," Returnable until Jan 31, 2023 ", The Pale-Faced Lie: A True Story ,David Crow,"11,400",13.39
" Hardcover – January 10, 2023 ",delivery date not founded," Returnable until Jan 31, 2023 ", Observer: A novel ,Robert Lanza,0,21.99
" Paperback – November 13, 2019 ",delivery date not founded," Returnable until Jan 31, 2023 ", A Tuscan Night: A novel set in Italy and Greece ,Kostas Krommydas,60,9.99
" Paperback – June 22, 2022 ",delivery date not founded," Returnable until Jan 31, 2023 "," The Cautionary Woman: She found a reason to live, only for another woman to want her dead. ",Darren Darker,3,13.99
" Paperback – August 28, 2012 ",delivery date not founded," Returnable until Jan 31, 2023 ", Noble Intentions: A Jack Noble Thriller ,L.T. Ryan,"5,656",17.99
" Mass Market Paperback – June 20, 2017 ",delivery date not founded," Returnable until Jan 31, 2023 "," Veiled Threat: A Rylee Adamson Novel, Book 7 ",Shannon Mayer,"1,884",7.99
" Paperback – November 5, 2021 ",delivery date not founded," Returnable until Jan 31, 2023 ", The Unquiet Genius: A Conor Thorn Novel ,Glenn Dyer,201,15.99
" Paperback – April 23, 2016 ",delivery date not founded," Returnable until Jan 31, 2023 ", An Important Day: A Novel ,John J. Siefring,21,7.99
" Paperback – February 27, 2022 ",delivery date not founded," Returnable until Jan 31, 2023 ", The Trail: a novel ,Ethan Gallogly,396,16.61
" Paperback – September 27, 2022 ",delivery date not founded," Returnable until Jan 31, 2023 ", Sisters of Sorcery: A Marvel: Untold Novel ,Marsheila Rockwell,2,16.95
" Paperback – December 28, 2021 ",delivery date not founded," Returnable until Jan 31, 2023 ", The Last Story of Mina Lee: A Novel ,Nancy Jooyoun Kim,"3,917",12.79
" Hardcover – July 1, 2020 ",delivery date not founded," Returnable until Jan 31, 2023 ", The Great Gatsby (Deluxe Hardbound Edition) ,Author Not found,"1,000",15.29
" Paperback – May 2, 2019 ",delivery date not founded," Returnable until Jan 31, 2023 ", Turbulent: A Post Apocalyptic EMP Survival Thriller (Days of Want Series Book 1) ,T. L. Payne,"2,234",12.99
" Hardcover – February 16, 2022 ",delivery date not founded," Returnable until Jan 31, 2023 "," Ladybug Journal - 5.5x8.5 (Diary, Journal, Notebook): Lined 120 Pages ",Author Not found,0,16
" Paperback – February 7, 2023 ",delivery date not founded," Returnable until Jan 31, 2023 ", Queen of Deception: A Marvel Legends of Asgard Novel ,Anna Stephens,0,16.95
" Paperback – May 24, 2022 ",delivery date not founded," Returnable until Jan 31, 2023 "," The Curse Of The Aztec Relic: A crime novel filled with suspense, tension, secrets and dark murders. An investigation on the edge of paranormal that winds its way through Milan, Los Angeles, Tusca ",James Halloran,2,10.99
" Paperback – September 6, 2022 ",delivery date not founded," Returnable until Jan 31, 2023 ", The Source of Death ,Jay Michael Night,11,9.99
" Paperback – December 1, 2014 ",delivery date not founded," Returnable until Jan 31, 2023 ", Seeking the Light of Justice (Hoshiyan Chronicles) ,Dr. Barry Nadel,53,14.99
" Paperback – February 16, 2020 ",delivery date not founded," Returnable until Jan 31, 2023 ", The Illustrated Call of the Wild: Original First Edition ,Jack London,283,7.95
" Paperback – September 3, 2021 ",delivery date not founded," Returnable until Jan 31, 2023 "," The Clock Strikes Twelve: Tales of Mystery, Suspense and the Supernatural ",Andrew LaRell Fry,6,14.95
" Paperback – July 8, 2019 ",delivery date not founded," Returnable until Jan 31, 2023 ", Voro ,M.M. Perry,85,12.99
" Paperback – January 27, 2022 ",delivery date not founded," Returnable until Jan 31, 2023 ", A Distant Ridge: A Novel of the Northern Plains in the 1870s ,James McDonough,51,24.99
" Paperback – October 25, 2022 ",delivery date not founded," Returnable until Jan 31, 2023 ", Old Cowboys Never Die: An Exciting Western Novel of the American Frontier ,William W. Johnstone,4,15.95
" Paperback – January 27, 2019 ",delivery date not founded," Returnable until Jan 31, 2023 ", The Onyx Crown: Part I of a Trilogy ,Alan Hurst,29,14.99
" Paperback – October 1, 2015 ",delivery date not founded," Returnable until Jan 31, 2023 ", Frankenstein ,Author Not found,"17,578",6.99
" Paperback – March 8, 2022 ",delivery date not founded," Returnable until Jan 31, 2023 ", I'll See You on Friday (Unexpected Love) ,Valerie Zahn,51,12.99
" Paperback – October 19, 2020 ",delivery date not founded," Returnable until Jan 31, 2023 ", At the End of the World: A Novel (Unbound Worlds) ,Author Not found,12,16.95
" Paperback – August 14, 2022 ",delivery date not founded," Returnable until Jan 31, 2023 ", Wilted Amethyst: A Red Coven Novel ,Deja F Malloy,29,15.99
" Hardcover – May 28, 2019 ",delivery date not founded," Returnable until Jan 31, 2023 ", The Policewomen's Bureau: A Novel ,Edward Conlon,103,25.99
" Paperback – May 3, 2022 ",delivery date not founded," Returnable until Jan 31, 2023 ", Shadow Avengers: A Marvel: Crisis Protocol Novel ,Carrie Harris,17,14.79
" Paperback – June 17, 2021 ",delivery date not founded," Returnable until Jan 31, 2023 ", Exploratory Tales: A Novel ,Laura Clementz,6,11.99
" Paperback – October 13, 2021 ",delivery date not founded," Returnable until Jan 31, 2023 ", Christmas at the Café: A Holiday Romance (Silver Creek Christmas) ,Emily Childs,468,10.99
" Paperback – February 16, 2021 ",delivery date not founded," Returnable until Jan 31, 2023 ", The Peacemaker's Code ,Deepak Malhotra,"2,504",12.63
" Hardcover – August 1, 2018 ",delivery date not founded," Returnable until Jan 31, 2023 ", HOMER: The Iliad & the Odyssey (Deluxe Hardbound Edition) ,Homer,"3,176",22.49
" Paperback – April 26, 2022 ",delivery date not founded," Returnable until Jan 31, 2023 ", Forever Texas: A Thrilling Western Novel of the American Frontier (A Forever Texas Novel) ,William W. Johnstone,900,9.89
" Paperback – February 24, 2022 ",delivery date not founded," Returnable until Jan 31, 2023 ", Quantum Ball: A Tech Action Novel ,K. A. Wood,15,14.99
" Paperback – August 6, 2019 ",delivery date not founded," Returnable until Jan 31, 2023 ", The Only Woman in the Room ,Marie Benedict,"12,108",10.09
" Paperback – October 17, 2021 ",delivery date not founded," Returnable until Jan 31, 2023 ", When Wings Flutter ,Liane Carmen,69,15.99
" Paperback – October 15, 2016 ",delivery date not founded," Returnable until Jan 31, 2023 ", Red Mountain: A Novel (Red Mountain Chronicles) ,Boo Walker,"8,454",14.82
" Paperback – May 12, 2021 ",delivery date not founded," Returnable until Jan 31, 2023 ", The Fortunes of Felix Fontana: Book 1 of the Felix Fontana series ,Derek Anderson,6,12.99
" Hardcover – August 22, 2021 ",delivery date not founded," Returnable until Jan 31, 2023 ", Baron Trump Complete Collection | Illustrated ,Ingersoll Lockwood,270,24.97
" Paperback – December 19, 2017 ",delivery date not founded," Returnable until Jan 31, 2023 ", First Strike (A Brady Hawk Novel) ,R.J. Patterson,"1,100",12.99
" Paperback – March 7, 2023 ",delivery date not founded," Returnable until Jan 31, 2023 ", Silver Sable: Payback: A Marvel: Heroines Novel ,Cath Lauria,0,16.95
" Paperback – May 7, 2021 ",delivery date not founded," Returnable until Jan 31, 2023 ", Royal Secrets (The Hidden Kingdom Romances) ,Cami Checketts,406,12.99
" Paperback – July 4, 2017 ",delivery date not founded," Returnable until Jan 31, 2023 ", Hester's Hunt for Home Trilogy: Three Bestselling Novels in One ,Linda Byler,367,19.99
" Paperback – August 29, 2021 ",delivery date not founded," Returnable until Jan 31, 2023 ", A Mais Bela Travessia: La Più Bella Traversata (Portuguese Edition) ,Marcos H. N. Rossi,21,15.99
" Paperback – September 14, 2021 ",delivery date not founded," Returnable until Jan 31, 2023 ", Greetings from Tucson: A collection of letters between sisters (Inspired by a true story) ,Cherie L. Genua,69,14.99
" Paperback – September 5, 2019 ",delivery date not founded," Returnable until Jan 31, 2023 ", Time Tunnel: The Twin Towers ,Richard Todd,"1,074",12.95
" Paperback – October 1, 2019 ",delivery date not founded," Returnable until Jan 31, 2023 ", Never Again (A Levi Yoder Novel) ,M.A. Rothman,343,14.99
" Paperback – July 30, 2022 ",delivery date not founded," Returnable until Jan 31, 2023 ", Cocky Caveman: A Hero Club Novel ,Emma James,51,32.99
" Paperback – March 18, 2021 ",delivery date not founded," Returnable until Jan 31, 2023 ", The Advent of Miss Mighty ,Author Not found,0,19.95
" Paperback – October 6, 2020 ",delivery date not founded," Returnable until Jan 31, 2023 ", Amish Romance at Christmastime: Three Novels in One Volume ,Linda Byler,202,22.99
" Paperback – October 7, 2020 ",delivery date not founded," Returnable until Jan 31, 2023 ", A Book of Days (Books of Furnass) ,Richard Snodgrass,6,9.95
" Paperback – March 10, 2016 ",delivery date not founded," Returnable until Jan 31, 2023 ", Crossing the Line ,Joy Slaughter,413,18.95
" Paperback – Large Print, June 1, 2012 ",delivery date not founded," Returnable until Jan 31, 2023 ", A Flicker Of Light ,Roberta Kagan,697,19.99
" Paperback – June 27, 2021 ",delivery date not founded," Returnable until Jan 31, 2023 ", The Flower Boat Girl: A novel based on a true story of the woman who became the most powerful pirate in history ,Larry Feign,"1,388",16.99
" Paperback – November 4, 2020 ",delivery date not founded," Returnable until Jan 31, 2023 ", Midwives of Moses: A Biblical Historical story featuring an Inspiring Woman (Faith Finders) ,Jenifer Jennings,122,12.99
" Hardcover – November 11, 2021 ",delivery date not founded," Returnable until Jan 31, 2023 ", The Advent of Miss Mighty ,Author Not found,0,24.49
" Paperback – April 28, 2016 ",delivery date not founded," Returnable until Jan 31, 2023 ", The Captured Girl: A Novel of Survival during the Great Sioux War ,Tom Reppert,438,14.95
" Hardcover – September 6, 2022 ",delivery date not founded," Returnable until Jan 31, 2023 ", Where the Wandering Ends: A Novel of Corfu ,Yvette Manessis Corporon,40,26.62
" Paperback – January 3, 2023 ",delivery date not founded," Returnable until Jan 31, 2023 ", Terror World: A Zombicide: Invader Novel ,Cath Lauria,0,16.95
" Paperback – August 3, 2021 ",delivery date not founded," Returnable until Jan 31, 2023 ", Cruel Compassion: A dystopian thriller with a hint of romance (Insurrection Series) ,A.E. King,50,15.99
" Paperback – May 13, 2014 ",delivery date not founded," Returnable until Jan 31, 2023 ", Luck Be A Chicken: a comic novel ,Jameson Gregg,61,14.99
" Paperback – December 10, 2020 ",delivery date not founded," Returnable until Jan 31, 2023 ", Hard Code: A Laugh-Out-Loud Workplace Romantic Comedy (Hard Stuff) ,Misha Bell,"1,839",12.99
" Paperback – June 6, 2021 ",delivery date not founded," Returnable until Jan 31, 2023 ", THE DARK SIDE OF THE FIRE ,RUBEN ELUSTONDO,4,11.99
" Paperback – June 21, 2021 ",delivery date not founded," Returnable until Jan 31, 2023 ", Fast Forward Japan: Stories by the Founding Father of Japanese Science Fiction ,J.D. Wisgo,5,9.99
" Paperback – December 28, 2020 ",delivery date not founded," Returnable until Jan 31, 2023 ", Cubamía: A novel ,Inés María López Hernández,1,17.99
" Paperback – April 4, 2023 ",delivery date not founded," Returnable until Jan 31, 2023 ", Into the Dark Dimension: A Marvel: Crisis Protocol Novel ,Stuart Moore,0,16.95
" Paperback – January 13, 2021 ",delivery date not founded," Returnable until Jan 31, 2023 ", An Echo at Ebbets Field ,Author Not found,2,9.49
" Paperback – October 10, 2018 ",delivery date not founded," Returnable until Jan 31, 2023 ", Electric Eel: A John Seal Novel ,Michael D Wright,56,10.99
" Hardcover – Illustrated, September 1, 2020 ",delivery date not founded," Returnable until Jan 31, 2023 ", The Pilgrim's Progress : A Poetic Retelling of John Bunyan’s Classic Tale ,Author Not found,348,22.99
" Hardcover – February 9, 2022 ",delivery date not founded," Returnable until Jan 31, 2023 ", Restaurant Diary: A Novel ,Author Not found,0,24.95
" Paperback – April 4, 2020 ",delivery date not founded," Returnable until Jan 31, 2023 "," Born With The Right To Happiness: The novel about true forces behind life, love, and happiness ",Pride U Confident,2,15.75
" Paperback – April 15, 2015 ",delivery date not founded," Returnable until Jan 31, 2023 ", A Sailor's Story (Dover Graphic Novels) ,Sam Glanzman,91,19.95
" Paperback – November 24, 2020 ",delivery date not founded," Returnable until Jan 31, 2023 ", Quantum Link: The Chronicles of GREY ,Jeffrey W. Chapman,1,14.99
" Paperback – November 22, 2022 ",delivery date not founded," Returnable until Jan 31, 2023 ", Sound of Light: A Marvel: School of X Novel ,Amanda Bridgeman,0,16.95
" Paperback – March 27, 2021 ",delivery date not founded," Returnable until Jan 31, 2023 ", Confession ,Sarah Forester Davis,479,11.99
" Paperback – August 11, 2019 ",delivery date not founded," Returnable until Jan 31, 2023 "," Hot Mess: A Players Rockstar Romance (Players, Book 1) ",Jaine Diamond,"1,785",19.99
" Paperback – January 11, 2022 ",delivery date not founded," Returnable until Jan 31, 2023 ", A New Haunt for Mr. Bierce: A Novel ,Drew Bridges,6,16.95
" Paperback – Box set, April 1, 2019 ",delivery date not founded," Returnable until Jan 31, 2023 ", Greatest Works of Jane Austen (Set of 5 Books) ,Jane Austen,"2,532",21.41
" Paperback – December 18, 2021 ",delivery date not founded," Returnable until Jan 31, 2023 ", As Thick As Thieves: A Medieval Heist Novel ,Kieron Holland,11,12.99
" Paperback – November 22, 2022 ",delivery date not founded," Returnable until Jan 31, 2023 ", Edge of Catastrophe: A Terraforming Mars Novel ,Jane Killick,0,16.95
" Paperback – January 5, 2022 ",delivery date not founded," Returnable until Jan 31, 2023 ", Reconciliation: Atone the Devil In Buried Sunshine ,Author Not found,60,14.95
" Paperback – January 1, 2018 ",delivery date not founded," Returnable until Jan 31, 2023 ", Forsaken: A Novel of Horror ,Andrew Van Wey,855,14.99
" Paperback – June 1, 2012 ",delivery date not founded," Returnable until Jan 31, 2023 ", Lowcountry Rising ,Author Not found,8,4.02
" Paperback – June 22, 2017 ",delivery date not founded," Returnable until Jan 31, 2023 ", If the Moon Had Willow Trees (Detroit Eight Series) ,Kathleen Hall,71,12.99
" Hardcover – April 26, 2022 ",delivery date not founded," Returnable until Jan 31, 2023 ", Lucky Turtle ,Bill Roorbach,130,21.49
" Paperback – April 5, 2019 ",delivery date not founded," Returnable until Jan 31, 2023 ", Righting the Hourglass ,Lisa Blumberg,43,15.95
" Paperback – September 14, 2020 ",delivery date not founded," Returnable until Jan 31, 2023 ", Storm Clouds Rising: A Chuck McCain Novel ,David Spell,10,14.97
" Hardcover – September 27, 2022 ",delivery date not founded," Returnable until Jan 31, 2023 ", Falling Stars: A Festive and Fun Holiday Story ,Fern Michaels,299,21.99
" Paperback – October 1, 2013 ",delivery date not founded," Returnable until Jan 31, 2023 ", Breakers: A Novel ,William B. McCloskey,21,16.95
" Paperback – November 3, 2021 ",delivery date not founded," Returnable until Jan 31, 2023 ", Broken Beast (The Pierce Family) ,Crystal Kaswell,"1,851",13.99
" Paperback – May 9, 2021 ",delivery date not founded," Returnable until Jan 31, 2023 ", Be My Destiny: Vows From The Beyond (Kasteel Vrederic) ,Ann Marie Ruby,1,13.99
" Paperback – December 12, 2019 ",delivery date not founded," Returnable until Jan 31, 2023 ", I Killed A Man In Madrid ,Peter Viele,4,13.99
" Paperback – March 26, 2020 ",delivery date not founded," Returnable until Jan 31, 2023 ", Abomination Desolation ,Alan Thompson,10,19.99
" Hardcover – Large Print, September 6, 2022 ",delivery date not founded," Returnable until Jan 31, 2023 ", The Enigma Affair: A Novel ,Charlie Lovett,59,21.37
" Paperback – May 27, 2022 ",delivery date not founded," Returnable until Jan 31, 2023 ", The Rogue's Seduction ,Lauren Smith,141,9.99
" Paperback – March 18, 2021 ",delivery date not founded," Returnable until Jan 31, 2023 ", Cowboy's Accidental Wife (Cowboy Billionaires) ,J. P. Comeau,391,10.99
" Paperback – June 18, 2021 ",delivery date not founded," Returnable until Jan 31, 2023 ", Tarnished: A Sterling Shade Novel ,Scott Estrella,0,3.92
" Paperback – June 24, 2022 ",delivery date not founded," Returnable until Jan 31, 2023 ", Sweet Baby Mine ,Maria Daversa,81,12.98
" Paperback – October 2, 2018 ",delivery date not founded," Returnable until Jan 31, 2023 ", Carnegie's Maid ,Marie Benedict,"14,900",7.97
" Paperback – October 12, 2020 ",delivery date not founded," Returnable until Jan 31, 2023 ", UFOs Over Ohio: A Novel ,Linda Oxley Milligan,8,12.99
" Hardcover – August 30, 2022 ",delivery date not founded," Returnable until Jan 31, 2023 ", Quicksand: A Thrilling Novel of Western Romantic Suspense (The Champions) ,Janet Dailey,565,22.17
" Paperback – December 9, 2020 ",delivery date not founded," Returnable until Jan 31, 2023 ", Mexico Sky: a western novel ,Eric H. Heisner,9,14.95
" Paperback – Large Print, December 17, 2019 ",delivery date not founded," Returnable until Jan 31, 2023 ", The Clause in Christmas: A Poppy Creek Novel ,Rachael Bloome,"4,737",14.99
" Hardcover – November 22, 2022 ",delivery date not founded," Returnable until Jan 31, 2023 "," NYPD Red 7 : The Murder Sorority (NYPD Red Series, Book 7) ",Marshall Karp,0,26.09
" Paperback – June 18, 2020 ",delivery date not founded,no return policy , OFF GRID: Is There Anywhere Left to Hide from the Surveillance State? ,J. P. Redding,217,14.99
" Paperback – February 12, 2021 ",delivery date not founded," Returnable until Jan 31, 2023 ", Black Tide: A Supernatural Horror Thriller (The John Decker Supernatural Thriller Series) ,Anthony M. Strong,"1,132",12.95
" Paperback – March 28, 2022 ",delivery date not founded," Returnable until Jan 31, 2023 ", A Shattered Calm ,Bruce F B Hall,15,14.75
" Paperback – July 5, 2021 ",delivery date not founded," Returnable until Jan 31, 2023 ", On the Hunt: Book 8 in the Ryan Kaine series ,Kerry J Donovan,939,12.99
" Paperback – September 24, 2021 ",delivery date not founded," Returnable until Jan 31, 2023 ", Curse of Shadows and Thorns: A romantic fantasy (The Broken Kingdoms) ,LJ Andrews,"4,432",14.89
" Paperback – November 5, 2018 ",delivery date not founded," Returnable until Jan 31, 2023 ", Ahriman: The Spirit of Destruction: A Middle East Political Conspiracy and Espionage Thriller (The Ahriman Legacy) ,Puja Guha,181,10
" Paperback – August 11, 2022 ",delivery date not founded," Returnable until Jan 31, 2023 "," Seriously, Murder?: a Don and Alice mystery ",Monica Hoopes,59,11.99
" Paperback – February 6, 2020 ",delivery date not founded," Returnable until Jan 31, 2023 ", Summer Beach: Seabreeze Sunset ,Jan Moran,"5,997",12.99
" Paperback – October 24, 2020 ",delivery date not founded," Returnable until Jan 31, 2023 ", Christmas at Holly Berry Inn (Silver Creek Christmas) ,Emily Childs,611,9.99
" Paperback – July 13, 2022 ",delivery date not founded," Returnable until Jan 31, 2023 ", The Death and Life of John Doe: A Novel ,Kassie J Runyan,9,22
" Paperback – Large Print, June 21, 2019 ",delivery date not founded," Returnable until Jan 31, 2023 ", Raymond’s Joy: True Love Never Dies ,Author Not found,7,9.28
" Paperback – September 30, 2019 ",delivery date not founded," Returnable until Jan 31, 2023 ", The Beach House (South Carolina Sunsets) ,Rachel Hanna,"21,110",11.99
" Paperback – February 16, 2016 ",delivery date not founded," Returnable until Jan 31, 2023 ", Suffer Asylum - A Horror Story by Jack Carl Stanley ,Author Not found,39,7.39
" Paperback – April 15, 2019 ",delivery date not founded," Returnable until Jan 31, 2023 ", The Trusted (The Trusted Thriller Series) ,Michelle Medhat,277,12.99
" Paperback – August 16, 2018 ",delivery date not founded," Returnable until Jan 31, 2023 ", Trouble in Bayou Sabine: A Bayou Sabine Novel ,Lauren Faulkenberry,168,14.99
" Paperback – October 26, 2021 ",delivery date not founded," Returnable until Jan 31, 2023 ", Ski Weekend: A Novel ,Rektok Ross,498,13.99
" Paperback – March 20, 2014 ",delivery date not founded," Returnable until Jan 31, 2023 ", Foreign Deceit (David Wolf Mystery Thriller Series) ,Jeff Carson,"9,821",11.58
" Paperback – December 1, 2018 ",delivery date not founded," Returnable until Jan 31, 2023 ", Coming Attractions ,Mark R. Hunter,13,6.99
" Paperback – Large Print, November 5, 2017 ",delivery date not founded," Returnable until Jan 31, 2023 ", Sweet Beginnings: A Candle Beach Novel ,Nicole Ellis,"5,732",18.99
" Paperback – August 17, 2021 ",delivery date not founded," Returnable until Jan 31, 2023 ", Two for Interference: (A Snow Pirates Novel) (The Minnesota Snow Pirates Series) ,Lasairiona McMaster,427,15.99
" Paperback – February 1, 2020 ",delivery date not founded," Returnable until Jan 31, 2023 ", Shadows of the Past: A Shadow Slayers Story (Shadow Slayers Stories) ,Nellie H. Steele,117,10.58
" Paperback – November 1, 2020 ",delivery date not founded," Returnable until Jan 31, 2023 ", The Haunting of Brynn Wilder: A Novel ,Wendy Webb,"21,198",6.95
" Paperback – May 11, 2018 ",delivery date not founded," Returnable until Jan 31, 2023 ", The Five Wishes of Mr. Murray McBride ,Joe Siple,"8,209",13.75
" Paperback – May 12, 2020 ",delivery date not founded," Returnable until Jan 31, 2023 ", The Inn At Seagrove (South Carolina Sunsets) ,Rachel Hanna,"8,557",11.99
" Paperback – July 20, 2022 ",delivery date not founded," Returnable until Jan 31, 2023 ", Two for Tripping: (A Snow Pirates Novel) (The Minnesota Snow Pirates Series) ,Lasairiona McMaster,131,15.99
" Paperback – January 14, 2022 ",delivery date not founded," Returnable until Jan 31, 2023 ", Two for Roughing: (A Snow Pirates Novel) (The Minnesota Snow Pirates Series) ,Lasairiona McMaster,200,16.99
" Paperback – January 30, 2020 ",delivery date not founded," Returnable until Jan 31, 2023 ", Fireflies & Family Ties (South Carolina Sunsets) ,Rachel Hanna,"9,411",11.99
" Paperback – August 11, 2020 ",delivery date not founded," Returnable until Jan 31, 2023 ", The Wedding At Seagrove (South Carolina Sunsets) ,Rachel Hanna,"7,664",11.99
" Paperback – November 11, 2021 ",delivery date not founded," Returnable until Jan 31, 2023 ", Two for Holding: (A Snow Pirates Novel) (The Minnesota Snow Pirates Series) ,Lasairiona McMaster,268,15.99
" Hardcover – September 20, 2022 ",delivery date not founded," Returnable until Jan 31, 2023 ", NOT A MOMENT TO LOSE: A MODERN SEA STORY FOR THE AGES A NOVEL ,Author Not found,1,24.99
" Paperback – November 19, 2019 ",delivery date not founded," Returnable until Jan 31, 2023 ", Sunsets & Second Chances (South Carolina Sunsets) ,Rachel Hanna,"11,089",11.99
" Paperback – November 30, 2021 ",delivery date not founded," Returnable until Jan 31, 2023 ", Moonflower Murders: A Novel ,Anthony Horowitz,"8,784",12.79
" Paperback – March 7, 2017 ",delivery date not founded," Returnable until Jan 31, 2023 ", The Last Days of Magic: A Novel ,Author Not found,317,17
" Hardcover – June 28, 2022 ",delivery date not founded," Returnable until Jan 31, 2023 ", The Girl Who Survived: A Riveting Novel of Suspense with a Shocking Twist ,Lisa Jackson,"3,516",17.79
" Paperback – November 12, 2018 ",delivery date not founded," Returnable until Jan 31, 2023 ", Don't Dare to Dream (Featuring Agent Bob) ,Dan Friedman,213,14.99
" Paperback – June 8, 2022 ",delivery date not founded," Returnable until Jan 31, 2023 ", Silverman: A Novel ,K. Wergland,27,16.99
" Paperback – October 25, 2022 ",delivery date not founded," Returnable until Jan 31, 2023 ", Mortal Friends: A Novel ,James Carroll,20,17.29
" Paperback – December 2, 2020 ",delivery date not founded," Returnable until Jan 31, 2023 ", Thinking: A Novel ,Author Not found,8,14.9
" Paperback – September 27, 2022 ",delivery date not founded," Returnable until Jan 31, 2023 ", In the Coils of the Labyrinth: An Arkham Horror Novel ,David Annandale,10,16.95
" Paperback – July 15, 2014 ",delivery date not founded," Returnable until Jan 31, 2023 ", The Paris Architect: A WWII Novel ,Charles Belfoure,"5,164",14.99
" Paperback – September 25, 2021 ",delivery date not founded," Returnable until Jan 31, 2023 ", A Million Tiny Lights: A Novel ,J M Doyle,28,9.87
" Hardcover – December 1, 2018 ",delivery date not founded," Returnable until Jan 31, 2023 ", The Prophet (Deluxe Hardbound Edition) ,Kahlil Gibran,"10,616",17.99
" Paperback – April 1, 2020 ",delivery date not founded," Returnable until Jan 31, 2023 ", Montana Cowboy Romance (Wyatt Brothers of Montana) ,Jane Porter,457,9.99
" Paperback – August 23, 2022 ",delivery date not founded," Returnable until Jan 31, 2023 ", Tuesday Jane: a novel ,Paul Mikaels,3,9.99
" Paperback – August 15, 2019 ",delivery date not founded," Returnable until Jan 31, 2023 ", Her Deepest Fear (Rosemary Run) ,Kelly Utt,"1,833",14
" Paperback – January 2, 2022 ",delivery date not founded," Returnable until Jan 31, 2023 ", Fill The Gaps: A Novel ,Andrew Johnston,0,12.59
" Paperback – June 8, 2020 ",delivery date not founded," Returnable until Jan 31, 2023 ", Behind Enemy Lines (Titus Black Thriller series) ,R.J. Patterson,"1,356",12.99
" Paperback – May 16, 2020 ",delivery date not founded," Returnable until Jan 31, 2023 ", The Restaurant ,Pamela M. Kelley,"16,770",10.79
" Paperback – September 6, 2016 ",delivery date not founded," Returnable until Jan 31, 2023 ", Trigger Mortis: A James Bond Novel ,Anthony Horowitz,"1,931",17.99
" Paperback – January 23, 2021 ",delivery date not founded," Returnable until Jan 31, 2023 ", The Light Tower: A dramatic page-turning mystery about a daughter's search for the truth behind her mother's suicide and her own traumatic birth: two events that happen simultaneously. ,Laurie Lisa,99,21.98
" Mass Market Paperback – January 1, 2019 ",delivery date not founded," Returnable until Jan 31, 2023 ", Polity Agent: The Fourth Agent Cormac Novel (4) ,Author Not found,582,7.99
" Paperback – March 27, 2017 ",delivery date not founded," Returnable until Jan 31, 2023 ", That Deadly Space: A Civil War Novel ,Gerald Gillis,113,12.95
" Paperback – February 3, 2021 ",delivery date not founded," Returnable until Jan 31, 2023 ", A Secret Desire: A Steamy Regency Romance (London Secrets) ,Charlie Lane,149,12.99
" Paperback – December 23, 2020 ",delivery date not founded," Returnable until Jan 31, 2023 ", Necromancer Arising: Book One of The Asterisian Chronicles ,Devon Salvin,37,8.58
" Hardcover – November 1, 2022 ",delivery date not founded," Returnable until Jan 31, 2023 "," The Zero Night: A Jonathan Stride Novel (Jonathan Stride Series, Book 11) (Jonathan Stride, 11) ",Brian Freeman,0,26.99
" Paperback – January 15, 2015 ",delivery date not founded," Returnable until Jan 31, 2023 ", Guarding Her Heart (Crystal Creek) ,Laura Haley-McNeil,204,11.99
" Paperback – June 11, 2018 ",delivery date not founded," Returnable until Jan 31, 2023 ", Table 41: A Novel ,Joseph Suglia,14,10.95
" Paperback – November 8, 2021 ",delivery date not founded," Returnable until Jan 31, 2023 ", Prayers For An Angel: A Christmas Story ,Paul Manganaro,13,12.45
" Paperback – June 12, 2021 ",delivery date not founded," Returnable until Jan 31, 2023 ", Nightmare ,Kyriaki Papadatos,10,12.95
" Hardcover – March 15, 2022 ",delivery date not founded," Returnable until Jan 31, 2023 ", Hollow ,A.J. Sobel,31,20
" Paperback – October 18, 2022 ",delivery date not founded," Returnable until Jan 31, 2023 ", The Prisoner of Tartarus: A Marvel Legends of Asgard Novel ,Richard Lee Byers,0,16.95
" Paperback – December 27, 2021 ",delivery date not founded," Returnable until Jan 31, 2023 ", Hack: The Inhumane: Anniversary Edition ,Hayley Faye,3,8.79
" Paperback – October 12, 2020 ",delivery date not founded," Returnable until Jan 31, 2023 "," Keeping Tabs: A Women’s Fiction Novel of Doubt, Dogs, and Determination (Dilemmas and Discovery) ",Beverley Courtney,22,12.99
" Paperback – September 10, 2022 ",delivery date not founded," Returnable until Jan 31, 2023 ", Leaving The Ninth Island ,Nick Dioguardi,4,12
" Paperback – January 28, 2021 ",delivery date not founded," Returnable until Jan 31, 2023 ", Proles: A novel about 2084 ,Joel E. Lorentzen,23,14.99
" Paperback – November 4, 2021 ",delivery date not founded," Returnable until Jan 31, 2023 ", Creepville The Story of The Scary Clown ,Author Not found,2,11.05
" Paperback – March 29, 2020 ",delivery date not founded," Returnable until Jan 31, 2023 ", Death and the Security Guard: A Christian Detective Novel ,Nick Moore,16,6.44
" Hardcover – July 9, 2019 ",delivery date not founded," Returnable until Jan 31, 2023 ", Fled: A Novel ,Meg Keneally,388,24.99
" Hardcover – September 22, 2022 ",delivery date not founded," Returnable until Jan 31, 2023 ", Manifestations Of My Imagination: Creative Writing Journal Notebook ,Rachel Nordahl,0,21.98
" Paperback – January 2, 2022 ",delivery date not founded," Returnable until Jan 31, 2023 ", Fission: A Jessie McIntyre Novel (Jessie McIntyre Series) ,Joseph Castagno,2,13.57
" Hardcover – August 30, 2022 ",delivery date not founded," Returnable until Jan 31, 2023 ", Daisy Darker: A Novel ,Alice Feeney,"2,624",23.99
" Paperback – April 8, 2021 ",delivery date not founded," Returnable until Jan 31, 2023 ", The Last Days of Istanbul ,Vassilios Moutsoglou,0,12
" Paperback – August 30, 2022 ",delivery date not founded," Returnable until Jan 31, 2023 ", All I Want for Christmas ,Rebekah Pace,31,18.59
" Hardcover – September 23, 2021 ",delivery date not founded," Returnable until Jan 31, 2023 ", La Chica Bajo la Bandera: La Historia de una Heroína Judía que Jamás se Rindió (Las heroínas de la Segunda Guerra Mundial) (Spanish Edition) ,Alex Amit,358,24.99
" Paperback – October 12, 2020 ",delivery date not founded," Returnable until Jan 31, 2023 "," Across The Street: A gripping novel about the limits of love between twin sisters, and the family conflicts that result when one agrees to be a surrogate for the other. An emotional roller coaster!! ",Laurie Lisa,201,26.99
" Paperback – November 7, 2020 ",delivery date not founded," Returnable until Jan 31, 2023 ", White Christmas Homecoming: A Legend Is Reborn ,Author Not found,8,15.99
" Paperback – March 7, 2023 ",delivery date not founded," Returnable until Jan 31, 2023 ", The Tyrant Skies: A Marvel: Untold Novel ,David Annandale,0,16.95
" Paperback – September 29, 2022 ",delivery date not founded," Returnable until Jan 31, 2023 ", Melton's Mettle: A Novel ,William S. Hubbartt,1,11.99
" Paperback – January 6, 2018 ",delivery date not founded," Returnable until Jan 31, 2023 ", The Complete Grimm's Fairy Tales ,Author Not found,"6,037",13.49
" Paperback – September 4, 2017 ",delivery date not founded," Returnable until Jan 31, 2023 ", Ryan Kaine: On the Rocks: Book Two in the Ryan Kaine Action thriller Series ,Kerry J Donovan,"1,666",12.99
" Paperback – April 26, 2020 ",delivery date not founded," Returnable until Jan 31, 2023 ", Low Key Fallin' For A Savage: An African American Women's Fiction Book ,J. Dominique,665,14.26
" Paperback – June 28, 2022 ",delivery date not founded," Returnable until Jan 31, 2023 ", The Nurse's Secret: A Thrilling Historical Novel of the Dark Side of Gilded Age New York City ,Amanda Skenandore,"3,327",9.99
" Paperback – March 8, 2014 ",delivery date not founded," Returnable until Jan 31, 2023 ", The Enlightenment: Book Two in the Tori Cooper Novels ,Author Not found,1,14.99
" Hardcover – September 22, 2022 ",delivery date not founded," Returnable until Jan 31, 2023 ", Dear Diary Scripting Journal: Scripting the Life you Want Creative Writing Journal Notebook ,Rachel Nordahl,0,21.95
" Paperback – Illustrated, March 1, 2020 ",delivery date not founded," Returnable until Jan 31, 2023 ", Journey of a JuBu: How a neurotic Jew found his inner Bu ,Blaine Langberg,70,17.95
" Paperback – April 23, 2021 ",delivery date not founded," Returnable until Jan 31, 2023 ", Ryan Kaine: On the Attack: Book Four in the Ryan Kaine Action Thriller Series ,Kerry J Donovan,822,12.99
" Paperback – July 30, 2019 ",delivery date not founded," Returnable until Jan 31, 2023 ", The Undertaker's Assistant: A Captivating Post-Civil War Era Novel of Southern Historical Fiction ,Amanda Skenandore,"1,199",9.69
" Paperback – November 17, 2017 ",delivery date not founded," Returnable until Jan 31, 2023 ", Sweet Beginnings: A Candle Beach Sweet Romance (Candle Beach series) ,Nicole Ellis,"5,732",12.99
" Paperback – May 11, 2017 ",delivery date not founded," Returnable until Jan 31, 2023 ", Ryan Kaine: On the Run ,Kerry J Donovan,"3,925",9.99
" Paperback – January 12, 2022 ",delivery date not founded," Returnable until Jan 31, 2023 ", Donnie Baseball: A Novel ,Tom Gresham,25,12.99
" Paperback – March 7, 2023 ",delivery date not founded," Returnable until Jan 31, 2023 ", Shadows of Pnath: An Arkham Horror Novel ,Josh Reynolds,0,16.95
" Paperback – January 20, 2022 ",delivery date not founded," Returnable until Jan 31, 2023 ", Last Resort: An Action-Packed Supernatural Thriller (The John Decker Supernatural Thriller Series) ,Anthony M. Strong,825,14.95
" Paperback – August 25, 2022 ",delivery date not founded," Returnable until Jan 31, 2023 ", Vortex: An Epic Sword & Sorcery Novel (The Frozen Flame) ,Paul J Bennett,69,13.99
" Paperback – July 19, 2022 ",delivery date not founded," Returnable until Jan 31, 2023 ", Reality Prism: A Raven Novel ,John D Trudel,9,16.99
" Paperback – January 27, 2019 ",delivery date not founded," Returnable until Jan 31, 2023 ", The Onyx Crown: Part I of a Trilogy ,Alan Hurst,29,14.99
" Paperback – April 3, 2013 ",delivery date not founded," Returnable until Jan 31, 2023 ", Noble Beginnings: A Jack Noble Novel ,L.T. Ryan,"13,421",12.78
" Paperback – November 27, 2017 ",delivery date not founded," Returnable until Jan 31, 2023 ", Ryan Kaine: On the Defensive: Book 3 in the Ryan Kaine action thriller series ,Kerry J Donovan,831,11.99
" Paperback – June 4, 2013 ",delivery date not founded," Returnable until Jan 31, 2023 ", First Sight: A Tori Cooper Novel: First Sight: A Tori Cooper Novel (The Tori Cooper Novels) ,Vicki Stewart,7,14.99
" Hardcover – February 28, 2022 ",delivery date not founded," Returnable until Jan 31, 2023 ", The .300 Hitter: A Novel ,Author Not found,2,21.99
" Paperback – January 1, 2003 ",delivery date not founded," Returnable until Jan 31, 2023 ", Sin of Omission: A Novel of Suffolk Square ,David Evans Katz,23,9.64
" Paperback – September 27, 2022 ",delivery date not founded," Returnable until Jan 31, 2023 ", Sisters of Sorcery: A Marvel: Untold Novel ,Marsheila Rockwell,2,16.95
" Hardcover – February 16, 2022 ",delivery date not founded," Returnable until Jan 31, 2023 "," Ladybug Journal - 5.5x8.5 (Diary, Journal, Notebook): Lined 120 Pages ",Author Not found,0,16
" Paperback – October 23, 2018 ",delivery date not founded," Returnable until Jan 31, 2023 ", The Hole: A Novel ,Hye-young Pyun,354,16.99
" Paperback – April 3, 2020 ",delivery date not founded," Returnable until Jan 31, 2023 ", Life in the Chastity Zone (Chastity Series) ,Holly Brandon,43,12.99
" Paperback – October 19, 2011 ",delivery date not founded," Returnable until Jan 31, 2023 ", a land of slaves: a novel ,Author Not found,2,4.3
" Paperback – September 3, 2021 ",delivery date not founded," Returnable until Jan 31, 2023 "," The Clock Strikes Twelve: Tales of Mystery, Suspense and the Supernatural ",Andrew LaRell Fry,6,14.95
" Paperback – December 13, 2021 ",delivery date not founded," Returnable until Jan 31, 2023 ", The Sage's Tower: An Epic Fantasy LitRPG Novel (The Plainswalker Series) ,M.A. Rothman,452,17.99
" Hardcover – September 27, 2022 ",delivery date not founded," Returnable until Jan 31, 2023 ", Squirrel Girl: Universe: A Marvel Heroines Novel [Library Edition] ,Tristan Palmgren,16,29.95
" Paperback – February 24, 2022 ",delivery date not founded," Returnable until Jan 31, 2023 ", Quantum Ball: A Tech Action Novel ,K. A. Wood,15,14.99
" Paperback – April 27, 2021 ",delivery date not founded," Returnable until Jan 31, 2023 ", Churchill's Secret Messenger: A WW2 Novel of Spies & the French Resistance ,Alan Hlad,"3,067",11.01
" Paperback – Picture Book, October 4, 2022 ",delivery date not founded," Returnable until Jan 31, 2023 ", The Storyteller's Death: A Novel ,Ann Dávila Cardinal,25,15.29
" Hardcover – June 21, 2022 ",delivery date not founded," Returnable until Jan 31, 2023 ", The Lies I Tell ,Julie Clark,"3,826",15.37
" Paperback – September 5, 2019 ",delivery date not founded," Returnable until Jan 31, 2023 ", Time Tunnel: The Twin Towers ,Richard Todd,"1,074",12.95
" Paperback – November 27, 2021 ",delivery date not founded," Returnable until Jan 31, 2023 ", The Consequence of Anna: A Novel ,Kate Birkin,385,17.09
" Paperback – March 10, 2016 ",delivery date not founded," Returnable until Jan 31, 2023 ", Crossing the Line ,Joy Slaughter,413,18.95
" Paperback – June 24, 2022 ",delivery date not founded," Returnable until Jan 31, 2023 ", Sweet Baby Mine ,Maria Daversa,81,12.98
" Hardcover – April 11, 2021 ",delivery date not founded," Returnable until Jan 31, 2023 ", Wuthering Heights: The Original 1847 First Edition ,Author Not found,140,24.97
" Paperback – February 16, 2020 ",delivery date not founded," Returnable until Jan 31, 2023 ", The Illustrated Call of the Wild: Original First Edition ,Jack London,283,7.95
" Mass Market Paperback – June 20, 2017 ",delivery date not founded," Returnable until Jan 31, 2023 "," Veiled Threat: A Rylee Adamson Novel, Book 7 ",Shannon Mayer,"1,884",7.99
" Paperback – December 24, 2015 ",delivery date not founded," Returnable until Jan 31, 2023 ", What Vengeance Comes (The John Decker Supernatural Thriller Series) ,Anthony M Strong,"2,221",11.51
" Hardcover – March 5, 2018 ",delivery date not founded," Returnable until Jan 31, 2023 ", Collected Works Of Kahlil Gibran ,Author Not found,"2,277",18.81
" Paperback – May 12, 2021 ",delivery date not founded," Returnable until Jan 31, 2023 ", The Fortunes of Felix Fontana: Book 1 of the Felix Fontana series ,Derek Anderson,6,12.99
" Paperback – October 18, 2022 ",delivery date not founded," Returnable until Jan 31, 2023 ", Partners in Crime: A Novel ,Alisha Rai,27,15.99
" Hardcover – August 22, 2021 ",delivery date not founded," Returnable until Jan 31, 2023 ", Baron Trump Complete Collection | Illustrated ,Ingersoll Lockwood,270,24.97
" Paperback – October 1, 2015 ",delivery date not founded," Returnable until Jan 31, 2023 ", Frankenstein ,Author Not found,"17,578",6.99
" Paperback – October 28, 2021 ",delivery date not founded," Returnable until Jan 31, 2023 ", Grimoire Spell Journal: My Spell book ,Author Not found,0,4.02
" Paperback – December 31, 2019 ",delivery date not founded," Returnable until Jan 31, 2023 ", The Moonshiner's Daughter: A Southern Coming-of-Age Saga of Family and Loyalty ,Donna Everhart,"2,075",8.99
" Paperback – May 24, 2022 ",delivery date not founded," Returnable until Jan 31, 2023 "," The Curse Of The Aztec Relic: A crime novel filled with suspense, tension, secrets and dark murders. An investigation on the edge of paranormal that winds its way through Milan, Los Angeles, Tusca ",James Halloran,2,10.99
" Hardcover – July 1, 2020 ",delivery date not founded," Returnable until Jan 31, 2023 ", The Great Gatsby (Deluxe Hardbound Edition) ,Author Not found,"1,000",15.29
" Paperback – May 3, 2022 ",delivery date not founded," Returnable until Jan 31, 2023 ", Shadow Avengers: A Marvel: Crisis Protocol Novel ,Carrie Harris,17,14.79
" Paperback – September 18, 2020 ",delivery date not founded," Returnable until Jan 31, 2023 ", Cicada: a western-crime novel ,Eric H. Heisner,35,14.95
" Paperback – August 4, 2020 ",delivery date not founded," Returnable until Jan 31, 2023 ", Crimson Deep: A Thriller (The John Decker Supernatural Thriller Series) ,Anthony M. Strong,"1,028",12.95
" Paperback – February 28, 2015 ",delivery date not founded," Returnable until Jan 31, 2023 ", Guardians of the Chosen: Book Three in the Tori Cooper Novels ,Vicki Stewart,1,14.99
" Paperback – November 9, 2020 ",delivery date not founded," Returnable until Jan 31, 2023 ", Whitechapel Rising: A Supernatural Horror Thriller (The John Decker Supernatural Thriller Series) ,Anthony M. Strong,"1,191",12.95
" Paperback – August 29, 2021 ",delivery date not founded," Returnable until Jan 31, 2023 ", A Mais Bela Travessia: La Più Bella Traversata (Portuguese Edition) ,Marcos H. N. Rossi,21,15.99
" Paperback – March 27, 2021 ",delivery date not founded," Returnable until Jan 31, 2023 ", Confession ,Sarah Forester Davis,479,11.99
" Paperback – May 26, 2021 ",delivery date not founded," Returnable until Jan 31, 2023 ", THE POPE'S BUTCHER: Based on the True Story of a Serial Killer in the Medieval Vatican ,Joseph C. Gioconda,141,12.99
" Paperback – April 15, 2015 ",delivery date not founded," Returnable until Jan 31, 2023 ", A Sailor's Story (Dover Graphic Novels) ,Sam Glanzman,91,19.95
" Paperback – August 31, 2021 ",delivery date not founded," Returnable until Jan 31, 2023 ", The Second Mrs. Astor: A Heartbreaking Historical Novel of the Titanic ,Shana Abe,"14,710",11.98
" Paperback – January 13, 2021 ",delivery date not founded," Returnable until Jan 31, 2023 ", An Echo at Ebbets Field ,Author Not found,2,9.49
" Paperback – December 1, 2014 ",delivery date not founded," Returnable until Jan 31, 2023 ", Seeking the Light of Justice (Hoshiyan Chronicles) ,Dr. Barry Nadel,53,14.99
" Paperback – October 15, 2016 ",delivery date not founded," Returnable until Jan 31, 2023 ", Red Mountain: A Novel (Red Mountain Chronicles) ,Boo Walker,"8,454",14.82
" Hardcover – April 26, 2022 ",delivery date not founded," Returnable until Jan 31, 2023 ", Lucky Turtle ,Bill Roorbach,130,21.49
" Paperback – May 10, 2022 ",delivery date not founded," Returnable until Jan 31, 2023 ", When We Return: A Novel ,Eliana Tobias,15,16.95
" Paperback – January 27, 2022 ",delivery date not founded," Returnable until Jan 31, 2023 ", A Distant Ridge: A Novel of the Northern Plains in the 1870s ,James McDonough,51,24.99
" Paperback – March 18, 2021 ",delivery date not founded," Returnable until Jan 31, 2023 ", The Advent of Miss Mighty ,Author Not found,0,19.95
" Paperback – August 28, 2012 ",delivery date not founded," Returnable until Jan 31, 2023 ", Noble Intentions: A Jack Noble Thriller ,L.T. Ryan,"5,656",17.99
" Paperback – April 26, 2022 ",delivery date not founded," Returnable until Jan 31, 2023 ", Forever Texas: A Thrilling Western Novel of the American Frontier (A Forever Texas Novel) ,William W. Johnstone,900,9.89
" Paperback – March 18, 2021 ",delivery date not founded," Returnable until Jan 31, 2023 ", Cowboy's Accidental Wife (Cowboy Billionaires) ,J. P. Comeau,391,10.99
" Paperback – December 9, 2020 ",delivery date not founded," Returnable until Jan 31, 2023 ", Mexico Sky: a western novel ,Eric H. Heisner,9,14.95
" Paperback – July 8, 2019 ",delivery date not founded," Returnable until Jan 31, 2023 ", Voro ,M.M. Perry,85,12.99
" Hardcover – March 15, 2022 ",delivery date not founded," Returnable until Jan 31, 2023 ", Fateful Hope ,Aleksandr Jarid,7,14.9
" Paperback – June 18, 2021 ",delivery date not founded," Returnable until Jan 31, 2023 ", Tarnished: A Sterling Shade Novel ,Scott Estrella,0,3.92
" Paperback – October 29, 2020 ",delivery date not founded," Returnable until Jan 31, 2023 ", The Assassin's Betrayal: CIA Assassin ,Auston King,"2,515",17.99
" Paperback – February 7, 2023 ",delivery date not founded," Returnable until Jan 31, 2023 ", Queen of Deception: A Marvel Legends of Asgard Novel ,Anna Stephens,0,16.95
" Hardcover – November 11, 2021 ",delivery date not founded," Returnable until Jan 31, 2023 ", The Advent of Miss Mighty ,Author Not found,0,24.49
" Paperback – October 19, 2020 ",delivery date not founded," Returnable until Jan 31, 2023 ", At the End of the World: A Novel (Unbound Worlds) ,Author Not found,12,16.95
" Paperback – November 24, 2020 ",delivery date not founded," Returnable until Jan 31, 2023 ", Quantum Link: The Chronicles of GREY ,Jeffrey W. Chapman,1,14.99
" Paperback – September 14, 2021 ",delivery date not founded," Returnable until Jan 31, 2023 ", Greetings from Tucson: A collection of letters between sisters (Inspired by a true story) ,Cherie L. Genua,69,14.99
" Paperback – November 4, 2020 ",delivery date not founded," Returnable until Jan 31, 2023 ", Midwives of Moses: A Biblical Historical story featuring an Inspiring Woman (Faith Finders) ,Jenifer Jennings,122,12.99
" Paperback – May 9, 2021 ",delivery date not founded," Returnable until Jan 31, 2023 ", Be My Destiny: Vows From The Beyond (Kasteel Vrederic) ,Ann Marie Ruby,1,13.99
" Paperback – February 1, 1996 ",delivery date not founded," Returnable until Jan 31, 2023 ", The Story of My Life ,Helen Keller,"3,075",3
" Hardcover – September 27, 2022 ",delivery date not founded," Returnable until Jan 31, 2023 ", Falling Stars: A Festive and Fun Holiday Story ,Fern Michaels,299,21.99
" Paperback – March 7, 2023 ",delivery date not founded," Returnable until Jan 31, 2023 ", Silver Sable: Payback: A Marvel: Heroines Novel ,Cath Lauria,0,16.95
" Paperback – October 17, 2021 ",delivery date not founded," Returnable until Jan 31, 2023 ", When Wings Flutter ,Liane Carmen,69,15.99
" Hardcover – January 10, 2023 ",delivery date not founded," Returnable until Jan 31, 2023 ", Observer: A novel ,Robert Lanza,0,21.99
" Paperback – March 17, 2007 ",delivery date not founded," Returnable until Jan 31, 2023 ", Between the Sword and the Wall: a novel of World War I ,Thomas De Angelo,4,12.95
" Paperback – November 5, 2021 ",delivery date not founded," Returnable until Jan 31, 2023 ", The Unquiet Genius: A Conor Thorn Novel ,Glenn Dyer,201,15.99
" Paperback – May 2, 2019 ",delivery date not founded," Returnable until Jan 31, 2023 ", Turbulent: A Post Apocalyptic EMP Survival Thriller (Days of Want Series Book 1) ,T. L. Payne,"2,234",12.99
" Paperback – October 10, 2018 ",delivery date not founded," Returnable until Jan 31, 2023 ", Electric Eel: A John Seal Novel ,Michael D Wright,56,10.99
" Paperback – May 7, 2021 ",delivery date not founded," Returnable until Jan 31, 2023 ", Royal Secrets (The Hidden Kingdom Romances) ,Cami Checketts,406,12.99
" Paperback – October 14, 2002 ",delivery date not founded," Returnable until Jan 31, 2023 ", Memories (Firehouse Family) ,Laurie Loveman,5,16.99
" Paperback – October 2, 2018 ",delivery date not founded," Returnable until Jan 31, 2023 ", Carnegie's Maid ,Marie Benedict,"14,900",7.97
" Paperback – December 12, 2019 ",delivery date not founded," Returnable until Jan 31, 2023 ", I Killed A Man In Madrid ,Peter Viele,4,13.99
" Paperback – March 22, 2021 ",delivery date not founded," Returnable until Jan 31, 2023 ", Charitable Injustice ,Author Not found,19,15.99
" Paperback – January 19, 2022 ",delivery date not founded," Returnable until Jan 31, 2023 ", Fateful Hope ,Aleksandr Jarid,7,10.04
" Paperback – April 4, 2020 ",delivery date not founded," Returnable until Jan 31, 2023 "," Born With The Right To Happiness: The novel about true forces behind life, love, and happiness ",Pride U Confident,2,15.75
" Paperback – July 26, 2022 ",delivery date not founded," Returnable until Jan 31, 2023 ", The War Girls: A WW2 Novel of Sisterhood and Survival ,V.S. Alexander,213,9.98
" Paperback – March 17, 2021 ",delivery date not founded," Returnable until Jan 31, 2023 ", Evermore Beloved: I Shall Never Let You Go (Kasteel Vrederic) ,Ann Marie Ruby,2,14.99
" Paperback – August 14, 2022 ",delivery date not founded," Returnable until Jan 31, 2023 ", Wilted Amethyst: A Red Coven Novel ,Deja F Malloy,29,15.99
" Paperback – December 19, 2017 ",delivery date not founded," Returnable until Jan 31, 2023 ", First Strike (A Brady Hawk Novel) ,R.J. Patterson,"1,100",12.99
" Paperback – October 7, 2020 ",delivery date not founded," Returnable until Jan 31, 2023 ", A Book of Days (Books of Furnass) ,Richard Snodgrass,6,9.95
" Paperback – April 5, 2019 ",delivery date not founded," Returnable until Jan 31, 2023 ", Righting the Hourglass ,Lisa Blumberg,43,15.95
" Paperback – September 7, 2021 ",delivery date not founded," Returnable until Jan 31, 2023 ", AMONG THE DESIGNS OF THE CREATOR: SHORT NOVEL ,Jose Paulino Lozada,0,5
" Paperback – March 27, 2020 ",delivery date not founded," Returnable until Jan 31, 2023 ", TURTLE CREEK: Enigma of the trail ,Author Not found,19,10.99
" Paperback – June 6, 2021 ",delivery date not founded," Returnable until Jan 31, 2023 ", THE DARK SIDE OF THE FIRE ,RUBEN ELUSTONDO,4,11.99
" Paperback – October 1, 2013 ",delivery date not founded," Returnable until Jan 31, 2023 ", The Three-Arched Bridge: A Novel ,Ismail Kadare,7,14.95
" Paperback – December 5, 2018 ",delivery date not founded," Returnable until Jan 31, 2023 ", Kidnapped in Afghanistan: a novel ,Fred Wascura,0,14.99
" Paperback – September 14, 2020 ",delivery date not founded," Returnable until Jan 31, 2023 ", Storm Clouds Rising: A Chuck McCain Novel ,David Spell,10,14.97
" Paperback – January 3, 2023 ",delivery date not founded," Returnable until Jan 31, 2023 ", Terror World: A Zombicide: Invader Novel ,Cath Lauria,0,16.95
" Hardcover – May 28, 2019 ",delivery date not founded," Returnable until Jan 31, 2023 ", The Policewomen's Bureau: A Novel ,Edward Conlon,103,25.99
" Paperback – February 16, 2021 ",delivery date not founded," Returnable until Jan 31, 2023 ", The Peacemaker's Code ,Deepak Malhotra,"2,504",12.63
" Paperback – November 22, 2022 ",delivery date not founded," Returnable until Jan 31, 2023 ", Edge of Catastrophe: A Terraforming Mars Novel ,Jane Killick,0,16.95
" Paperback – May 3, 2022 ",delivery date not founded," Returnable until Jan 31, 2023 "," The Book Woman's Daughter (The Book Woman of Troublesome Creek, 2) ",Kim Michele Richardson,"7,638",10.56
" Paperback – August 30, 2022 ",delivery date not founded," Returnable until Jan 31, 2023 ", The Cottage on Grasshopper Lane: Whispering Cove Series Book 3 ,Catherine Jones,77,12.99
" Hardcover – May 10, 2022 ",delivery date not founded," Returnable until Jan 31, 2023 ", Primitives ,Erich Krauss,409,15.59
" Paperback – March 26, 2020 ",delivery date not founded," Returnable until Jan 31, 2023 ", Abomination Desolation ,Alan Thompson,10,19.99
" Paperback – January 2, 2019 ",delivery date not founded," Returnable until Jan 31, 2023 ", Deadline: A Novel of Suspense ,Douglas Keil,18,11.99
" Hardcover – August 30, 2022 ",delivery date not founded," Returnable until Jan 31, 2023 ", Quicksand: A Thrilling Novel of Western Romantic Suspense (The Champions) ,Janet Dailey,565,22.17
" Paperback – July 1, 1990 ",delivery date not founded," Returnable until Jan 31, 2023 ", The Importance of Being Earnest (Dover Thrift Editions: Plays) ,Oscar Wilde,"3,729",3
" Paperback – September 22, 2019 ",delivery date not founded," Returnable until Jan 31, 2023 ", A War Too Far: A Vietnam War Novel (The Airmen Series) ,David Lee Corley,"1,533",19.99
" Paperback – January 1, 2018 ",delivery date not founded," Returnable until Jan 31, 2023 ", Forsaken: A Novel of Horror ,Andrew Van Wey,855,14.99
" Paperback – November 3, 2021 ",delivery date not founded," Returnable until Jan 31, 2023 ", Broken Beast (The Pierce Family) ,Crystal Kaswell,"1,851",13.99
" Paperback – June 1, 2012 ",delivery date not founded," Returnable until Jan 31, 2023 ", Lowcountry Rising ,Author Not found,8,4.02
" Paperback – June 21, 2021 ",delivery date not founded," Returnable until Jan 31, 2023 ", Fast Forward Japan: Stories by the Founding Father of Japanese Science Fiction ,J.D. Wisgo,5,9.99
" Paperback – December 18, 2021 ",delivery date not founded," Returnable until Jan 31, 2023 ", As Thick As Thieves: A Medieval Heist Novel ,Kieron Holland,11,12.99
" Paperback – January 11, 2022 ",delivery date not founded," Returnable until Jan 31, 2023 ", A New Haunt for Mr. Bierce: A Novel ,Drew Bridges,6,16.95
" Paperback – August 6, 2019 ",delivery date not founded," Returnable until Jan 31, 2023 ", The Only Woman in the Room ,Marie Benedict,"12,108",10.09
" Paperback – September 27, 2022 ",delivery date not founded," Returnable until Jan 31, 2023 ", Somebody like Santa: A Heartwarming Texas Christmas Love Story (The Christmas Tree Ranch) ,Janet Dailey,197,7
" Paperback – September 17, 2018 ",delivery date not founded," Returnable until Jan 31, 2023 "," Just Add Mistletoe: Christmas in Gingerbread, Colorado ",Addison Moore,138,13.99
" Paperback – March 19, 2018 ",delivery date not founded," Returnable until Jan 31, 2023 ", SEAL My Love: A SEAL Brotherhood Novel ,Sharon Hamilton,211,15.99
" Paperback – Picture Book, June 14, 2022 ",delivery date not founded," Returnable until Jan 31, 2023 ", Loved and Lost: A Relationship Trilogy ,Jeffrey Brown,2,29.19
" Paperback – December 28, 2020 ",delivery date not founded," Returnable until Jan 31, 2023 ", Cubamía: A novel ,Inés María López Hernández,1,17.99
" Paperback – November 22, 2022 ",delivery date not founded," Returnable until Jan 31, 2023 ", Sound of Light: A Marvel: School of X Novel ,Amanda Bridgeman,0,16.95
" Paperback – May 31, 2021 ",delivery date not founded," Returnable until Jan 31, 2023 ", Van Helsing's Destiny ,mivian hegarty,3,9.99
" Paperback – Deckle Edge, June 4, 2013 ",delivery date not founded," Returnable until Jan 31, 2023 ", Flight Behavior: A Novel ,Barbara Kingsolver,"4,983",10.44
" Paperback – June 3, 2020 ",delivery date not founded," Returnable until Jan 31, 2023 ", Nanyang A Graphic Novel by Tan Choon Hong ,Author Not found,1,8.99
" Paperback – April 23, 2016 ",delivery date not founded," Returnable until Jan 31, 2023 ", An Important Day: A Novel ,John J. Siefring,21,7.99
" Paperback – June 18, 2022 ",delivery date not founded," Returnable until Jan 31, 2023 ", Center Cut: A Sam Hook novel #2 ,Author Not found,5,15.99
" Paperback – January 28, 2022 ",delivery date not founded," Returnable until Jan 31, 2023 ", A Coat Dyed Black: A Novel of the Norwegian Resistance ,Don Pugnetti Jr.,177,14.95
" Hardcover – November 11, 2014 ",delivery date not founded," Returnable until Jan 31, 2023 ", West to Bravo: A Western Novel ,Eric H. Heisner,87,20.2
" Paperback – October 1, 2013 ",delivery date not founded," Returnable until Jan 31, 2023 ", The Concert: A Novel ,Ismail Kadare,2,14.95
" Paperback – September 1, 2021 ",delivery date not founded," Returnable until Jan 31, 2023 ", A Merry Little Christmas: Two Holiday Stories in One Volume (Darling VT) ,Donna Alward,1,18.99
" Paperback – February 27, 2022 ",delivery date not founded," Returnable until Jan 31, 2023 ", The Trail: a novel ,Ethan Gallogly,396,16.61
" Paperback – September 9, 2022 ",delivery date not founded," Returnable until Jan 31, 2023 ", Five Minutes on Charles Street ,Jami Amerine,2,12.99
" Hardcover – February 9, 2021 ",delivery date not founded," Returnable until Jan 31, 2023 ", Frankenstein ,Author Not found,457,19.99
" Paperback – September 10, 2021 ",delivery date not founded," Returnable until Jan 31, 2023 ", Mariah Is Missing: A Novel ,David Henry Nelson,35,9.99
" Paperback – October 12, 2020 ",delivery date not founded," Returnable until Jan 31, 2023 ", UFOs Over Ohio: A Novel ,Linda Oxley Milligan,8,12.99
" Paperback – March 30, 2019 ",delivery date not founded," Returnable until Jan 31, 2023 "," Tripio a novel: 3 Shots: Starbucks Millionaire, Novelist, or Father? ",Jerome VanSchaik,6,8.99
" Paperback – Box set, April 1, 2019 ",delivery date not founded," Returnable until Jan 31, 2023 ", Greatest Works of Jane Austen (Set of 5 Books) ,Jane Austen,"2,532",21.41
" Hardcover – August 1, 2018 ",delivery date not founded," Returnable until Jan 31, 2023 ", HOMER: The Iliad & the Odyssey (Deluxe Hardbound Edition) ,Homer,"3,176",22.49
" Paperback – May 7, 2020 ",delivery date not founded," Returnable until Jan 31, 2023 ", Relentless: A survival horror story ,Christopher Artinian,275,9.86
" Paperback – June 1, 2022 ",delivery date not founded," Returnable until Jan 31, 2023 "," GATE D5: A Gay Novel, Love, Marriage, Betrayal ",James Ally,5,14
" Paperback – June 27, 2021 ",delivery date not founded," Returnable until Jan 31, 2023 ", The Flower Boat Girl: A novel based on a true story of the woman who became the most powerful pirate in history ,Larry Feign,"1,388",16.99
" Paperback – October 6, 2020 ",delivery date not founded," Returnable until Jan 31, 2023 ", Amish Romance at Christmastime: Three Novels in One Volume ,Linda Byler,202,22.99
" Paperback – August 1, 2019 ",delivery date not founded," Returnable until Jan 31, 2023 ", Soul Searching ,Jay Foard,1,6.11
" Hardcover – Illustrated, September 1, 2020 ",delivery date not founded," Returnable until Jan 31, 2023 ", The Pilgrim's Progress : A Poetic Retelling of John Bunyan’s Classic Tale ,Author Not found,348,22.99
" Paperback – June 11, 2020 ",delivery date not founded," Returnable until Jan 31, 2023 ", Dead Bear Canyon: an Adventure Novel ,Bradley Hardy,14,6.99
" Paperback – August 29, 2017 ",delivery date not founded," Returnable until Jan 31, 2023 ", The Other Einstein ,Marie Benedict,"5,846",8.49
" Hardcover – September 6, 2022 ",delivery date not founded," Returnable until Jan 31, 2023 ", The Source of Death ,Jay Michael Night,11,24.99
" Paperback – January 1, 2019 ",delivery date not founded," Returnable until Jan 31, 2023 ", Tailwinds Past Florence ,Doug Walsh,76,14.99
" Hardcover – February 9, 2022 ",delivery date not founded," Returnable until Jan 31, 2023 ", Restaurant Diary: A Novel ,Author Not found,0,24.95
" Paperback – April 4, 2023 ",delivery date not founded," Returnable until Jan 31, 2023 ", Into the Dark Dimension: A Marvel: Crisis Protocol Novel ,Stuart Moore,0,16.95
" Paperback – April 10, 2022 ",delivery date not founded," Returnable until Jan 31, 2023 ", Actionable Intelligence: A Chuck McCain Novel- Book Three ,David Spell,0,14.97
" Paperback – October 25, 2022 ",delivery date not founded," Returnable until Jan 31, 2023 ", Demon Slayer: Kimetsu no Yaiba―The Flower of Happiness (Demon Slayer: Kimetsu no Yaiba Novels) ,Aya Yajima,0,8.68
" Paperback – April 16, 2018 ",delivery date not founded," Returnable until Jan 31, 2023 ", Memories (Firehouse Family) ,Laurie Loveman,5,16.99
" Paperback – November 13, 2020 ",delivery date not founded," Returnable until Jan 31, 2023 ", Universe Olympics: Heat 1 ,Amanda Dubin,28,17.95
" Paperback – November 22, 2022 ",delivery date not founded," Returnable until Jan 31, 2023 ", Naruto: Sasuke's Story―The Uchiha and the Heavenly Stardust (Naruto Novels) ,Masashi Kishimoto,0,10.04
" Paperback – October 1, 2021 ",delivery date not founded," Returnable until Jan 31, 2023 ", Fragments: Shattered and Shattering ,Gary Battle,1,18.99
" Paperback – February 26, 2020 ",delivery date not founded," Returnable until Jan 31, 2023 ", The Makarov File: Andy Flint Thriller Series Book 1 ,Peter Kozmar,73,14.99
" Paperback – Large Print, December 17, 2019 ",delivery date not founded," Returnable until Jan 31, 2023 ", The Clause in Christmas: A Poppy Creek Novel ,Rachael Bloome,"4,737",14.99
" Paperback – February 16, 2016 ",delivery date not founded," Returnable until Jan 31, 2023 ", Suffer Asylum - A Horror Story by Jack Carl Stanley ,Author Not found,39,7.39
" Paperback – September 30, 2019 ",delivery date not founded," Returnable until Jan 31, 2023 ", The Beach House (South Carolina Sunsets) ,Rachel Hanna,"21,110",11.99
" Paperback – March 20, 2014 ",delivery date not founded," Returnable until Jan 31, 2023 ", Foreign Deceit (David Wolf Mystery Thriller Series) ,Jeff Carson,"9,821",11.58
" Paperback – December 1, 2018 ",delivery date not founded," Returnable until Jan 31, 2023 ", Coming Attractions ,Mark R. Hunter,13,6.99
" Paperback – Large Print, November 5, 2017 ",delivery date not founded," Returnable until Jan 31, 2023 ", Sweet Beginnings: A Candle Beach Novel ,Nicole Ellis,"5,732",18.99
" Paperback – November 1, 2020 ",delivery date not founded," Returnable until Jan 31, 2023 ", The Haunting of Brynn Wilder: A Novel ,Wendy Webb,"21,198",6.95
" Paperback – August 16, 2018 ",delivery date not founded," Returnable until Jan 31, 2023 ", Trouble in Bayou Sabine: A Bayou Sabine Novel ,Lauren Faulkenberry,168,14.99
" Paperback – April 15, 2019 ",delivery date not founded," Returnable until Jan 31, 2023 ", The Trusted (The Trusted Thriller Series) ,Michelle Medhat,277,12.99
" Paperback – August 17, 2021 ",delivery date not founded," Returnable until Jan 31, 2023 ", Two for Interference: (A Snow Pirates Novel) (The Minnesota Snow Pirates Series) ,Lasairiona McMaster,427,15.99
" Paperback – February 1, 2020 ",delivery date not founded," Returnable until Jan 31, 2023 ", Shadows of the Past: A Shadow Slayers Story (Shadow Slayers Stories) ,Nellie H. Steele,117,10.58
" Paperback – Deckle Edge, June 4, 2013 ",delivery date not founded," Returnable until Jan 31, 2023 ", Flight Behavior: A Novel ,Barbara Kingsolver,"4,983",10.44
" Paperback – January 30, 2020 ",delivery date not founded," Returnable until Jan 31, 2023 ", Fireflies & Family Ties (South Carolina Sunsets) ,Rachel Hanna,"9,411",11.99
" Paperback – May 12, 2020 ",delivery date not founded," Returnable until Jan 31, 2023 ", The Inn At Seagrove (South Carolina Sunsets) ,Rachel Hanna,"8,557",11.99
" Paperback – July 20, 2022 ",delivery date not founded," Returnable until Jan 31, 2023 ", Two for Tripping: (A Snow Pirates Novel) (The Minnesota Snow Pirates Series) ,Lasairiona McMaster,131,15.99
" Paperback – January 14, 2022 ",delivery date not founded," Returnable until Jan 31, 2023 ", Two for Roughing: (A Snow Pirates Novel) (The Minnesota Snow Pirates Series) ,Lasairiona McMaster,200,16.99
" Paperback – August 11, 2020 ",delivery date not founded," Returnable until Jan 31, 2023 ", The Wedding At Seagrove (South Carolina Sunsets) ,Rachel Hanna,"7,664",11.99
" Paperback – June 8, 2022 ",delivery date not founded," Returnable until Jan 31, 2023 ", Silverman: A Novel ,K. Wergland,27,16.99
" Paperback – November 30, 2021 ",delivery date not founded," Returnable until Jan 31, 2023 ", Moonflower Murders: A Novel ,Anthony Horowitz,"8,784",12.79
" Paperback – July 15, 2014 ",delivery date not founded," Returnable until Jan 31, 2023 ", The Paris Architect: A WWII Novel ,Charles Belfoure,"5,164",14.99
" Paperback – December 2, 2020 ",delivery date not founded," Returnable until Jan 31, 2023 ", Thinking: A Novel ,Author Not found,8,14.9
" Paperback – November 11, 2021 ",delivery date not founded," Returnable until Jan 31, 2023 ", Two for Holding: (A Snow Pirates Novel) (The Minnesota Snow Pirates Series) ,Lasairiona McMaster,268,15.99
" Paperback – March 7, 2017 ",delivery date not founded," Returnable until Jan 31, 2023 ", The Last Days of Magic: A Novel ,Author Not found,317,17
" Paperback – June 12, 2021 ",delivery date not founded," Returnable until Jan 31, 2023 ", Nightmare ,Kyriaki Papadatos,10,12.95
" Paperback – April 1, 2020 ",delivery date not founded," Returnable until Jan 31, 2023 ", Montana Cowboy Romance (Wyatt Brothers of Montana) ,Jane Porter,457,9.99
" Hardcover – September 20, 2022 ",delivery date not founded," Returnable until Jan 31, 2023 ", NOT A MOMENT TO LOSE: A MODERN SEA STORY FOR THE AGES A NOVEL ,Author Not found,1,24.99
" Paperback – September 27, 2022 ",delivery date not founded," Returnable until Jan 31, 2023 ", In the Coils of the Labyrinth: An Arkham Horror Novel ,David Annandale,10,16.95
" Paperback – November 12, 2018 ",delivery date not founded," Returnable until Jan 31, 2023 ", Don't Dare to Dream (Featuring Agent Bob) ,Dan Friedman,213,14.99
" Paperback – November 19, 2019 ",delivery date not founded," Returnable until Jan 31, 2023 ", Sunsets & Second Chances (South Carolina Sunsets) ,Rachel Hanna,"11,089",11.99
" Paperback – July 19, 2022 ",delivery date not founded," Returnable until Jan 31, 2023 ", Reality Prism: A Raven Novel ,John D Trudel,9,16.99
" Paperback – August 23, 2022 ",delivery date not founded," Returnable until Jan 31, 2023 ", Tuesday Jane: a novel ,Paul Mikaels,3,9.99
" Paperback – August 15, 2019 ",delivery date not founded," Returnable until Jan 31, 2023 ", Her Deepest Fear (Rosemary Run) ,Kelly Utt,"1,833",14
" Paperback – January 23, 2021 ",delivery date not founded," Returnable until Jan 31, 2023 ", The Light Tower: A dramatic page-turning mystery about a daughter's search for the truth behind her mother's suicide and her own traumatic birth: two events that happen simultaneously. ,Laurie Lisa,99,21.98
" Hardcover – December 1, 2018 ",delivery date not founded," Returnable until Jan 31, 2023 ", The Prophet (Deluxe Hardbound Edition) ,Kahlil Gibran,"10,616",17.99
" Hardcover – November 1, 2022 ",delivery date not founded," Returnable until Jan 31, 2023 "," The Zero Night: A Jonathan Stride Novel (Jonathan Stride Series, Book 11) (Jonathan Stride, 11) ",Brian Freeman,0,26.99
" Paperback – January 15, 2015 ",delivery date not founded," Returnable until Jan 31, 2023 ", Guarding Her Heart (Crystal Creek) ,Laura Haley-McNeil,204,11.99
" Paperback – May 16, 2020 ",delivery date not founded," Returnable until Jan 31, 2023 ", The Restaurant ,Pamela M. Kelley,"16,770",10.79
" Paperback – May 7, 2013 ",delivery date not founded," Returnable until Jan 31, 2023 ", The Bean Trees: A Novel ,Barbara Kingsolver,"3,924",10.19
" Paperback – June 8, 2020 ",delivery date not founded," Returnable until Jan 31, 2023 ", Behind Enemy Lines (Titus Black Thriller series) ,R.J. Patterson,"1,356",12.99
" Paperback – January 2, 2022 ",delivery date not founded," Returnable until Jan 31, 2023 ", Fill The Gaps: A Novel ,Andrew Johnston,0,12.59
" Paperback – March 27, 2017 ",delivery date not founded," Returnable until Jan 31, 2023 ", That Deadly Space: A Civil War Novel ,Gerald Gillis,113,12.95
" Hardcover – September 22, 2022 ",delivery date not founded," Returnable until Jan 31, 2023 ", Manifestations Of My Imagination: Creative Writing Journal Notebook ,Rachel Nordahl,0,21.98
" Paperback – October 22, 2020 ",delivery date not founded," Returnable until Jan 31, 2023 ", Mists of Iga (Sons of Yokai) ,Kyle Mortensen,274,15.49
" Hardcover – August 30, 2022 ",delivery date not founded," Returnable until Jan 31, 2023 ", Daisy Darker: A Novel ,Alice Feeney,"2,624",23.99
" Paperback – March 29, 2020 ",delivery date not founded," Returnable until Jan 31, 2023 ", Death and the Security Guard: A Christian Detective Novel ,Nick Moore,16,6.44
" Paperback – February 3, 2021 ",delivery date not founded," Returnable until Jan 31, 2023 ", A Secret Desire: A Steamy Regency Romance (London Secrets) ,Charlie Lane,149,12.99
" Paperback – October 26, 2021 ",delivery date not founded," Returnable until Jan 31, 2023 ", Ski Weekend: A Novel ,Rektok Ross,498,13.99
" Hardcover – July 9, 2019 ",delivery date not founded," Returnable until Jan 31, 2023 ", Fled: A Novel ,Meg Keneally,388,24.99
" Paperback – January 2, 2022 ",delivery date not founded," Returnable until Jan 31, 2023 ", Fission: A Jessie McIntyre Novel (Jessie McIntyre Series) ,Joseph Castagno,2,13.57
" Paperback – November 4, 2021 ",delivery date not founded," Returnable until Jan 31, 2023 ", Creepville The Story of The Scary Clown ,Author Not found,2,11.05
